author,year,title,journal,doi,Loon_Lens_Confidence_Level,Loon_Lens_Decision,Human_Decision,Loon_Lens_Reasoning
"Ai, Baozhuo and Zhang, Jiayue and Zhang, Shiyu and Chen, Ge and Tian, Fei and Chen, Lan and Li, Haitao and Guo, Yuming and Jerath, Angela and Lin, Hualiang and Zhang, Zilong",2024,Causal association between long-term exposure to air pollution and incident Parkinson's disease,Journal of Hazardous Materials,10.1016/j.jhazmat.2024.133944,VERY_HIGH,INCLUDE,INCLUDE," The study meets all inclusion criteria. and 1. Language: The article is written in English. and 2. Study Design: The study is described as a 'large population-based prospective cohort study' (Methods, section 2.1), which is an observational study design conducted on a human population. and 3. Exposure: The study investigates exposure to 'ozone (O3)' (Abstract), which is one of the specified air pollutants of interest (CO, O3, or NO2). and 4. Outcome: The study explicitly investigates 'incident Parkinson's disease (PD)' as the health outcome (Title, Abstract). and 5. Exposure-Outcome Relationship: The study's primary objective is to assess the 'associations between air pollution and PD' (Abstract), specifically examining the link between O3 exposure and the incidence of Parkinson's disease. and As all inclusion criteria are clearly met, the study is included."
"Al-Janabi, Wissam S A and Zaman, Iram and Memon, Anza Bilal",2019,Secondary Parkinsonism Due to a Large Anterior Cranial Fossa Meningioma,European Journal of Case Reports in Internal Medicine,10.12890/2019_001055,VERY_HIGH,EXCLUDE,EXCLUDE," The article is a case report titled 'Secondary Parkinsonism Due to a Large Anterior Cranial Fossa Meningioma', detailing a single patient's experience with Parkinsonism caused by a brain tumor. This does not meet the inclusion criterion for 'Primary or secondary observational studies of a human population' (e.g., cross-sectional, longitudinal, cohort, case-control), as a case report focuses on an individual rather than a population-level observation. Although the abstract mentions 'carbon monoxide or manganese toxicity' as a potential cause of secondary Parkinson's, the study's primary investigation and focus are on a brain tumor as the etiology of Parkinsonism, not air pollution. Therefore, it does not meet the criterion that 'Parkinson's is explicitly mentioned as an adverse health outcome related to air pollution' in the context of the study's actual research question or findings. and Exclusion labels: study_design, exposure"
"Bai, Lijun and Jiang, Yunxing and Zhang, Kai and Su, Hong and Sun, Shiquan and Deng, Furong and Baccarelli, Andrea A. and Shi, Xiaoming and Guo, Xinbiao and Wu, Shaowei",2025,Associations of ambient particulate matter and nitrogen dioxide with hospital admissions for Parkinson's disease: A nationwide case-crossover study in China,Environmental Pollution,10.1016/j.envpol.2025.127062,VERY_HIGH,INCLUDE,INCLUDE," The study meets all inclusion criteria. It is a primary observational study (time-stratified case-crossover) written in English, which satisfies the language and study design criteria. The population is a large human cohort (293,357 hospital admissions for Parkinson's disease in China). The exposures of interest are explicitly investigated; the study assesses the association of Nitrogen Dioxide (NO2), one of the specified pollutants, with the study outcome. Data for Carbon Monoxide (CO) and Ozone (O3) were also collected and analyzed. The outcome is explicitly Parkinson's disease (PD), defined as hospital admissions with a principal discharge diagnosis of PD (ICD-10: G20). This aligns with the criterion that allows for the inclusion of PD hospitalizations. The study's primary objective is to investigate the link between the specified air pollutants (specifically NO2) and PD hospital admissions, thereby meeting all stated inclusion criteria. No exclusion criteria were provided that would apply to this study."
"Calderón-Garcidueñas, Lilian and González-Maciel, Angélica and Reynoso-Robles, Rafael and Kulesza, Randy J. and Mukherjee, Partha S. and Torres-Jardón, Ricardo and Rönkkö, Topi and Doty, Richard L.",2018,"Alzheimer's disease and alpha-synuclein pathology in the olfactory bulbs of infants, children, teens and adults ≤ 40 years in Metropolitan Mexico City. APOE4 carriers at higher risk of suicide accelerate their olfactory bulb pathology",Environmental Research,10.1016/j.envres.2018.06.027,HIGH,INCLUDE,EXCLUDE," ## Analysis and This is a primary observational autopsy study examining olfactory bulb tissues from 179 residents of Metropolitan Mexico City (MMC), ages 11 months to 40 years, investigating AD- and Parkinson's disease-related pathology in the context of air pollution exposure. The PEO (Population, Exposure, Outcome) framework is most applicable. The study evaluates the association between chronic air pollution exposure and neurodegenerative pathology including Parkinson's disease hallmarks (alpha-synuclein, Lewy neurites). and ### Per-Label Synthesis and - **population**: NOT_TRIGGERED. Study clearly involves a human population (179 autopsy subjects, MMC residents). and - **exposure**: NOT_TRIGGERED. O3 is explicitly and repeatedly mentioned as a pollutant exceeding USEPA standards to which MMC residents are exposed year-round. NO2 is also mentioned as having had elevated levels. The inclusion criteria require only that at least one of the three specified pollutants (CO, O3, NO2) be mentioned in TiAb or FT — O3 is prominently featured, including in Figure 1 which shows the spatial distribution of ozone in MMC. The criterion does not require that O3 or NO2 be the primary variable in quantitative regression analyses. and - **outcome**: NOT_TRIGGERED. Parkinson's disease is explicitly mentioned as an adverse health outcome related to air pollution throughout the study. The investigation of alpha-synuclein pathology and Lewy neurites (PD hallmarks) in air-pollution-exposed subjects constitutes investigation of Parkinson's as a health outcome related to air pollution. and - **study_design**: NOT_TRIGGERED. Primary observational autopsy study of human subjects. and - **language**: NOT_TRIGGERED. Article is in English. and ### Prior Reviewer Deliberation and I agree with **AI Researcher 1** that the study meets all inclusion criteria. O3 is not merely incidentally mentioned — it is a named exposure of the study population, appearing in the Air Quality Data section and in Figure 1 with a dedicated map. The inclusion criteria state Parkinson's 'must be investigated as a health outcome related to either of the three defined air pollutants.' The study investigates PD-related pathology in subjects who are explicitly documented to be exposed to O3 above USEPA standards; this satisfies the criterion. and I disagree with **AI Researcher 2**'s interpretation. The inclusion criteria do not require that the formal statistical model use O3 or NO2 as the independent variable. The requirement is that Parkinson's be investigated as a health outcome 'related to' the specified pollutants — not that a quantitative dose-response analysis for O3 specifically must be performed. The study clearly frames its findings within the context of air pollution including ozone exposure, and investigates PD-related pathology (alpha-synuclein, Lewy neurites) in this context. and ### Conclusion and The study should be INCLUDED. It is a primary observational English-language study of a human population that explicitly mentions O3 (and NO2) as pollutants the study population is exposed to, and investigates Parkinson's disease-related pathology as an adverse health outcome related to air pollution. All inclusion criteria are satisfied. No exclusion criteria were provided."
"Calderón-Garcidueñas, Lilian and Torres-Jardón, Ricardo and Greenough, Glen P. and Kulesza, Randy and González-Maciel, Angélica and Reynoso-Robles, Rafael and García-Alonso, Griselda and Chávez-Franco, Diana A. and García-Rojas, Edgar and Brito-Aguilar, Rafael and Silva-Pereyra, Héctor G. and Ayala, Alberto and Stommel, Elijah W. and Mukherjee, Partha S.",2023,"Sleep matters: Neurodegeneration spectrum heterogeneity, combustion and friction ultrafine particles, industrial nanoparticle pollution, and sleep disorders—Denial is not an option",Frontiers in Neurology,10.3389/fneur.2023.1117695,VERY_HIGH,EXCLUDE,EXCLUDE," The article is explicitly identified as a ""Review"" on page 1 under the 'TYPE' field. The inclusion criteria specify that the article must be a ""Primary or secondary observational studies of a human population,"" providing examples such as ""cross sectional, longitudinal study (cohort/panel both count), case controls, etc."" A review article, by definition, synthesizes existing research rather than presenting original primary or secondary observational data. Therefore, the study design of this article does not meet the specified inclusion criteria. and Exclusion labels: study_design"
"Cao, Zichun and Yuan, Yaqun and White, Alexandra J. and Li, Chenxi and Luo, Zhehui and D'Aloisio, Aimee A. and Huang, Xuemei and Kaufman, Joel D. and Sandler, Dale P. and Chen, Honglei",2024,Air Pollutants and Risk of Parkinson's Disease among Women in the Sister Study,Environmental Health Perspectives,10.1289/ehp13009,VERY_HIGH,INCLUDE,INCLUDE," The study meets all inclusion criteria. 1. Language: The article is written in English. 2. Study Design: The study is a prospective cohort study ('ongoing nationwide cohort'), which is an accepted observational study design. 3. Population: The study population is a human population of 47,108 US women. 4. Exposure: The study investigates exposure to Nitrogen Dioxide (NO₂), which is one of the specified pollutants of interest. The abstract states the objective is to 'investigate the associations of PD with ambient exposures to... nitrogen dioxide (NO₂)'. 5. Outcome: The study explicitly identifies Parkinson's disease (PD) as the primary outcome ('The primary outcome was PD diagnosis'). 6. Outcome-Exposure Link: The study directly investigates the relationship between exposure to NO₂ and the risk of developing Parkinson's disease, fulfilling the final criterion."
"Cerza, Francesco and Renzi, Matteo and Agabiti, Nera and Marino, Claudia and Gariazzo, Claudio and Davoli, Marina and Michelozzi, Paola and Forastiere, Francesco and Cesaroni, Giulia",2018,Residential exposure to air pollution and incidence of Parkinson's disease in a large metropolitan cohort,Environmental Epidemiology,10.1097/ee9.000000000000023,VERY_HIGH,INCLUDE,INCLUDE," The study meets all inclusion criteria. It is a primary observational study (longitudinal cohort study) conducted on a human population of residents in Rome, as stated in the abstract and methods. The study is written in English. It investigates exposure to several air pollutants, including two of the specified pollutants of interest: Nitrogen Dioxide (NO₂) and Ozone (O₃). The outcome of interest is explicitly the incidence of Parkinson's disease (PD), and the study's primary aim is to evaluate the association between exposure to these air pollutants and the incidence of PD. All criteria are clearly satisfied."
"Chang, -C. and Hsiao, -T. and Huang, -H. and Lui, -C. and Yen, -C. and Chang, -N. and Huang, -W. and Hsieh, -J. and Chang, -Y. and Lin, -J.",2014,$^{18}$F-FP-(+)-DTBZ positron emission tomography detection of monoaminergic deficient network in patients with carbon monoxide related parkinsonism,European Journal of Neurology,10.1111/ene.12672,LOW,INCLUDE,EXCLUDE," ## Analysis and This is a primary observational (case-control) study using neuroimaging (PET, MRI, DTI) in 18 patients with CO-related parkinsonism compared to 9 controls. The applicable framework is **PEO** (Population, Exposure, Outcome): the population is adults with CO-related parkinsonism, the exposure is carbon monoxide, and the outcome is parkinsonism severity (UPDRS). The article is written in English. and ### Per-Label Synthesis and **Language**: NOT_TRIGGERED. The article is fully in English. and **Population**: NOT_TRIGGERED. The study enrolls 18 human patients with CO-related parkinsonism and 9 healthy controls — a clear human observational cohort. and **Exposure**: AMBIGUOUS. CO is explicitly one of the three named air pollutants in the inclusion criteria. The inclusion criteria additionally state that 'Setting can be either outdoor/indoor,' which is permissive language. The CO source here is charcoal burning in an indoor setting, which is an indoor source of CO. However, the exposure is acute/high-dose toxic poisoning from a suicide attempt (carboxyhaemoglobin up to 99%), rather than chronic ambient or occupational air quality exposure. The criteria do not explicitly restrict to ambient environmental exposure or exclude acute poisoning scenarios. Given that the criteria are written to include indoor settings and name CO as a target pollutant without qualifying exposure level or type, the study passes or is at most ambiguous on this criterion — it is not clearly excluded. and **Outcome**: NOT_TRIGGERED. Parkinsonism is explicitly the primary adverse health outcome studied in relation to CO, satisfying the inclusion requirement that 'Parkinson's must be investigated as a health outcome related to either of the three defined air pollutants.' and **Study design**: NOT_TRIGGERED. This is a primary observational (case-control) study — a category explicitly included. and ### Prior Reviewer Deliberation"
"Chang, Chiung-Chih and Chang, Wen-Neng and Lui, Chun-Chung and Huang, Shu-Hua and Lee, Chen-Chang and Chen, Ching and Wang, Jiun-Jie",2011,Clinical significance of the pallidoreticular pathway in patients with carbon monoxide intoxication,Brain,10.1093/brain/awr287,LOW,INCLUDE,EXCLUDE," ## Analysis and This article is a primary observational study (cross-sectional with matched controls) investigating the clinical significance of pallidoreticular lesions in 25 patients with carbon monoxide (CO) intoxication versus 25 matched controls. The study examines neuroimaging findings, cognitive performance, and parkinsonian features using the Unified Parkinson's Disease Rating Scale (UPDRS). The applicable framework is PEO (Population, Exposure, Outcome). The exposure is CO; the outcomes include parkinsonian features/symptoms and cognitive deficits. and ### Per-Label Synthesis and **Language (NOT_TRIGGERED):** The article is entirely in English. Criterion satisfied. and **Population (NOT_TRIGGERED):** The study enrolls 25 human patients with CO intoxication and 25 matched controls. Meets the primary observational study criterion. and **Exposure (NOT_TRIGGERED):** CO is central to the study—'carbon monoxide intoxication' is in the title and is the defining exposure throughout. Meets the air pollutant criterion. and **Outcome (AMBIGUOUS):** The study explicitly measures 'parkinsonian features' and 'parkinsonian symptoms' as outcomes of CO intoxication using the Unified Parkinson's Disease Rating Scale. The keyword list in the article includes 'parkinsonian symptoms.' The UPDRS is named for and defined around Parkinson's disease. The Introduction states 'Parkinsonian symptoms have frequently been observed in patients following carbon monoxide intoxication.' The Discussion explicitly compares findings to 'idiopathic Parkinson's disease,' referencing 'Parkinson's disease' by name multiple times. While the study does not diagnose patients with Parkinson's disease as a standalone neurodegenerative condition, the outcomes measured are explicitly Parkinson's-named, Parkinson's-defined, and directly compared to Parkinson's disease. The inclusion criteria state 'Parkinson's is explicitly mentioned as an adverse health outcome related to air pollution'—and the term 'parkinsonian' explicitly names Parkinson's disease as the reference condition for these outcomes. Furthermore, the inclusion criteria provide examples that include hospitalizations of individuals with Parkinson's exposed to air pollution, and fatality rates, suggesting a broad interpretation of Parkinson's-related outcomes is intended. and **Study Design (NOT_TRIGGERED):** Primary observational study with controls. Meets criterion. and ### Prior Reviewer Deliberation"
"Chen, Chiu-Ying and Hung, Hui-Jung and Chang, Kuang-Hsi and Hsu, Chung Y. and Muo, Chih-Hsin and Tsai, Chon-Haw and Wu, Trong-Neng",2017,Long-term exposure to air pollution and the incidence of Parkinson's disease: A nested case-control study,PLOS ONE,10.1371/journal.pone.0182834,VERY_HIGH,INCLUDE,INCLUDE," The study meets all specified inclusion criteria. 1. **Language:** The article is written in English. 2. **Study Design:** The study is a 'nested case-control study', which is a primary observational study design conducted on a human population. 3. **Exposure:** The study explicitly mentions and analyzes Carbon Monoxide (CO), Ozone (O3), and Nitrogen Dioxide (NO2) as exposures of interest in the abstract and presents results for them in Table 2. 4. **Outcome:** The study explicitly identifies the 'incidence of Parkinson's disease' as the primary health outcome. 5. **Exposure-Outcome Relationship:** The study's objective was to examine the effects of air pollutants on the onset of Parkinson's disease. It specifically investigated and reported the risk estimates (odds ratios) for Parkinson's disease in relation to exposure to CO, O3, and NO2 (Table 2), thereby fulfilling the criterion that this relationship must be investigated."
"Chen, Hong and Kwong, Jeffrey C and Copes, Ray and Tu, Karen and Villeneuve, Paul J and van Donkelaar, Aaron and Hystad, Perry and Martin, Randall V and Murray, Brian J and Jessiman, Barry and Wilton, Andrew S and Kopp, Alexander and Burnett, Richard T",2017,"Living near major roads and the incidence of dementia, Parkinson's disease, and multiple sclerosis: a population-based cohort study",The Lancet,10.1016/s0140-6736(16)32399-6,MEDIUM,INCLUDE,EXCLUDE," ## Analysis and This is a large population-based cohort study (primary observational study) examining the incidence of dementia, Parkinson's disease, and multiple sclerosis in approximately 6.5 million Ontario adults in relation to residential proximity to major roadways. The PEO framework applies: Population = Ontario adults; Exposure = road proximity + air pollutants (NO2, PM2.5); Outcomes = dementia, Parkinson's disease, multiple sclerosis. and ### Per-Label Synthesis and **Population (NOT_TRIGGERED):** Clearly a primary observational cohort study of a human population—no exclusion issue. and **Language (NOT_TRIGGERED):** Article is in English. and **Study design (NOT_TRIGGERED):** Explicitly a 'population-based cohort study,' a type of longitudinal observational study. and **Exposure (NOT_TRIGGERED):** NO2 is one of the three specified air pollutants (CO, O3, NO2). The study explicitly models NO2 in sensitivity analyses for all three outcomes including Parkinson's disease. The Discussion states: 'Importantly, NO₂ was significantly associated with dementia, whereas PM₂.₅ was associated with both dementia and Parkinson's disease (appendix).' The inclusion criterion requires only that at least one of the three pollutants be mentioned, and that Parkinson's be investigated in relation to at least one. Both conditions are satisfied: NO2 is measured, its association with Parkinson's disease is investigated in the sensitivity analysis models, and results are reported (in the appendix). and **Outcome (NOT_TRIGGERED):** Parkinson's disease is a primary outcome. The study investigates Parkinson's disease in relation to road proximity—a multifaceted exposure explicitly described as including nitrogen oxides—and explicitly links NO2 and PM2.5 to Parkinson's disease in sensitivity analyses. and ### Prior Reviewer Deliberation"
"Chen, Szu-Ju and Pan, Shih-Chun and Wu, Chih-Da and Li, Hsun and Guo, Yue Leon and Lin, Chin-Hsien",2024,Long-term exposure to multiple air pollutants and risk of Parkinson's disease: a population-based multipollutant model study,"Journal of Neurology, Neurosurgery, and Psychiatry",10.1136/jnnp-2024-334825,VERY_HIGH,INCLUDE,INCLUDE," The study meets all inclusion criteria. It is a primary observational study, specifically a retrospective population-based cohort study conducted on a human population in Taiwan, which aligns with the study design criterion. The article is written in English. It explicitly investigates the health effects of several air pollutants, including the required pollutants of Nitrogen Dioxide (NO2), Ozone (O3), and Carbon Monoxide (CO), as detailed in the abstract and methods section. The primary outcome is the incidence of Parkinson's disease (PD), which is clearly defined and investigated as an adverse health outcome. Finally, the core research question of the study is the association between long-term exposure to these air pollutants and the risk of developing PD, thus satisfying all conditions for inclusion."
"Chirumbolo, Salvatore and Bjørklund, Geir and Urbina, Mauricio A.",2016,May traffic air pollution be involved in autism spectrum disorder?,Environmental Research,10.1016/j.envres.2016.12.023,VERY_HIGH,EXCLUDE,EXCLUDE," The article is a 'Dear Editor' letter, which is a commentary or opinion piece, not a primary or secondary observational study of a human population. While it discusses and references various observational studies, including some that link air pollution (specifically NO2) to Parkinson's disease, the article itself does not present original research or a systematic review/meta-analysis. Therefore, it does not meet the inclusion criterion requiring 'Primary or secondary observational studies of a human population'. and Exclusion labels: study_design"
"Choi, II Saing",2001,Carbon Monoxide Poisoning: Systemic Manifestations and Complications,J Korean Med Sci,NA,VERY_HIGH,EXCLUDE,EXCLUDE," The article is a 'REVIEW' as explicitly stated on page 1. The inclusion criteria specify 'Primary or secondary observational studies of a human population'. A review article, by its nature, synthesizes existing research rather than conducting a primary or secondary observational study itself. Therefore, it does not meet the required study design criterion. and Exclusion labels: study_design"
"Choi, II Saing",2002,Parkinsonism after Carbon Monoxide Poisoning,European Neurology,10.1159/000057100,LOW,INCLUDE,EXCLUDE," ## Analysis and This article is a primary observational study (retrospective cohort analysis) of 242 human patients with carbon monoxide (CO) poisoning, investigating the occurrence of parkinsonism as an adverse neurological sequela. It is written in English and published in European Neurology (2002). The PEO (Population, Exposure, Outcome) framework is most applicable here: Population = patients with CO poisoning; Exposure = carbon monoxide; Outcome = parkinsonism. and ### Per-Label Synthesis and **Population (NOT_TRIGGERED):** The study clearly involves a human population (242 patients with CO poisoning at a hospital). This is unambiguously a primary observational study of humans. and **Exposure (NOT_TRIGGERED):** Carbon monoxide (CO) is one of the three explicitly specified air pollutants in the inclusion criteria. It is the central exposure of the entire study. and **Study Design (NOT_TRIGGERED):** This is a primary observational study (retrospective cohort), satisfying the inclusion criterion for study design. and **Language (NOT_TRIGGERED):** The article is written in English. and **Outcome (AMBIGUOUS):** The central debate is whether 'parkinsonism' satisfies the inclusion criterion requiring 'Parkinson's is explicitly mentioned as an adverse health outcome.' The criteria also allow for 'Alzheimer's disease or similar diseases as evaluated health outcomes.' Parkinsonism is directly named after and derived from Parkinson's disease; it is defined by the same cardinal features (bradykinesia, rigidity, tremor, postural instability). In the neurological classification, Parkinson's disease is actually a type of parkinsonism (idiopathic parkinsonism). The study specifically examines CO-induced parkinsonism — a recognized clinical entity within the parkinsonism spectrum. The inclusion criteria's 'similar diseases' clause reasonably encompasses CO-induced parkinsonism, as it is the closest neurological analog to Parkinson's disease caused by environmental toxic exposure. The spirit of the inclusion criteria — examining air pollution's role in Parkinson's-like neurological disease — is clearly served by this study. and ### Prior Reviewer Deliberation and **AI Researcher 1 (EXCLUDE):** The argument that parkinsonism ≠ Parkinson's disease has some technical validity, as idiopathic Parkinson's disease is not explicitly named. However, this reasoning is overly narrow and ignores the 'similar diseases' clause in the inclusion criteria. The criteria do not restrict to idiopathic Parkinson's disease only; parkinsonism from CO poisoning is arguably the most directly relevant 'similar disease' given its shared symptomatology. and **AI Researcher 2 (INCLUDE):** This reasoning is more persuasive. The 'similar diseases' clause, the direct terminological relationship between 'parkinsonism' and 'Parkinson's,' the explicit CO exposure, and the study's observational design all support inclusion. CO-induced parkinsonism is well-recognized in the neurological literature as a Parkinson's-related outcome. and ### Conclusion and The study meets all inclusion criteria: English language, primary observational study of humans, explicit CO exposure (one of the three specified pollutants), and parkinsonism as an adverse health outcome related to CO — a condition sharing defining features with Parkinson's disease and covered by the 'similar diseases' clause. The outcome label is AMBIGUOUS rather than CLEARLY_TRIGGERED for exclusion, and given the absence of any clearly triggered exclusion reason and the high relevance of this study to the systematic review's objectives, the lean is toward INCLUDE. The study directly investigates the causal relationship between CO (an air pollutant) and a Parkinson's-like syndrome, which is precisely what the review seeks to capture."
"Choi, Il Saing and Cheon, Hwa Young",1999,Delayed Movement Disorders after Carbon Monoxide Poisoning,European Neurology,10.1159/000007411,LOW,INCLUDE,EXCLUDE," ## Analysis and This is a primary observational study (case series of 242 hospitalized patients with CO poisoning) examining the incidence and characteristics of delayed movement disorders, including parkinsonism, following CO exposure. The applicable framework is PEO (Population: patients with CO poisoning; Exposure: CO; Outcome: parkinsonism and other movement disorders). The article is written in English and published in a peer-reviewed journal. and ### Per-Label Synthesis and - **Language**: NOT_TRIGGERED. Article is fully in English. and - **Population**: NOT_TRIGGERED. Human patients (n=242) examined at a clinical institution, primary observational design. and - **Exposure**: NOT_TRIGGERED. Carbon monoxide (CO) is explicitly and repeatedly mentioned as the exposure of interest and is one of the three specified air pollutants. and - **Outcome**: AMBIGUOUS but leaning toward NOT_TRIGGERED for exclusion. The study uses 'parkinsonism' as the outcome, not 'Parkinson's disease' explicitly. However, the inclusion criteria refer to 'Parkinson's' as an adverse health outcome. In the medical literature and in common usage in systematic reviews on this topic, parkinsonism refers to the clinical syndrome characterized by bradykinesia, rigidity, and postural instability—the same features described here. The inclusion criteria do not specify 'idiopathic Parkinson's disease' and use the shorthand 'Parkinson's,' which reasonably encompasses parkinsonism as a CO-induced adverse neurological outcome. Furthermore, the criteria mention 'Parkinsons hospitalizations' and 'fatality rates for Parkinson's' in a broad usage that suggests the review is not limiting itself to strictly idiopathic PD. and - **Study design**: NOT_TRIGGERED. Primary observational cohort/case series. and ### Prior Reviewer Deliberation"
"Cole-Hunter, Thomas and Zhang, Jiawei and So, Rina and Samoli, Evangelia and Liu, Shuo and Chen, Jie and Strak, Maciej and Wolf, Kathrin and Weinmayr, Gudrun and Rodopolou, Sophia and Remfry, Elizabeth and de Hoogh, Kees and Bellander, Tom and Brandt, Jørgen and Concin, Hans and Zitt, Emanuel and Fecht, Daniela and Forastiere, Francesco and Gulliver, John and Hoffmann, Barbara and Hvidtfeldt, Ulla A. and Jöckel, Karl-Heinz and Mortensen, Laust H. and Ketzel, Matthias and Yacamán Méndez, Diego and Leander, Karin and Ljungman, Petter and Faure, Elodie and Lee, Pei-Chen and Elbaz, Alexis and Magnusson, Patrik K.E. and Pershagen, Göran and Peters, Annette and Rizzuto, Debora and Vermeulen, Roel C.H. and Schramm, Sara and Stafoggia, Massimo and Katsouyanni, Klea and Brunekreef, Bert and Hoek, Gerard and Lim, Youn-Hee and Andersen, Zorana J.",2022,Long-term air pollution exposure and Parkinson's disease mortality in a large pooled European cohort: An ELAPSE study,Environment International,10.1016/j.envint.2022.107667,VERY_HIGH,INCLUDE,INCLUDE," The study meets all inclusion criteria. and - **Language:** The article is written in English. and - **Study Design:** The study is a secondary observational study, specifically a pooled analysis of seven prospective human cohorts in Europe, which aligns with the inclusion criteria for observational studies. and - **Exposure:** The study explicitly investigates exposure to Nitrogen Dioxide (NO2) and Ozone (O3), which are two of the required pollutants. This is mentioned in the abstract: ""Annual mean residential concentrations of fine particulate matter (PM2.5), nitrogen dioxide (NO2), black carbon (BC), and ozone (O3)..."" and - **Outcome:** The study explicitly mentions and investigates Parkinson's disease (PD) as the primary health outcome. The title is ""Long-term air pollution exposure and Parkinson's disease mortality..."" and the outcome is defined in the methods section as ""PD mortality from mortality registries... using the International Classification of Diseases (ICD)-9: 332 (PD); and, ICD-10: G20 (PD)..."". and - **Exposure-Outcome Link:** The study's primary objective is to investigate the association between the specified air pollutants and Parkinson's disease mortality. The abstract states, ""We examined the association between long-term exposure to ambient air pollution and PD mortality..."" and the results present hazard ratios for this association."
"Feng, YanMei and Li, MengJie and Hao, XiaoYan and Ma, DongRui and Guo, MengNan and Zuo, ChunYan and Li, ShuangJie and Liang, YuanYuan and Hao, ChenWei and Wang, ZhiYun and Sun, YueMeng and Qi, ShaSha and Sun, ShiLei and Shi, ChangHe",2024,"Air pollution, greenspace exposure and risk of Parkinson's disease: a prospective study of 441,462 participants",Journal of Neurology,10.1007/s00415-024-12492-0,VERY_HIGH,INCLUDE,INCLUDE," The study is included because it meets all specified inclusion criteria. and 1. **Language:** The article is written in English. and 2. **Study Design:** It is a primary observational study, specifically a prospective cohort study, conducted on a human population of 441,462 participants from the UK Biobank. and 3. **Exposure:** The study explicitly investigates exposure to Nitrogen Dioxide (NO2), which is one of the required pollutants (CO, O3, or NO2). This is mentioned in the abstract, methods, and results sections. and 4. **Outcome:** The primary outcome of the study is the incidence of Parkinson's Disease (PD), which is explicitly mentioned throughout the article, including the title and abstract. and 5. **Exposure-Outcome Relationship:** The study directly investigates the relationship between exposure to NO2 and the risk of developing Parkinson's Disease. The abstract clearly states: 'Our findings indicate that an IQR increase in ambient NO2... concentrations was associated with risk of PD development'. and Since the study meets all inclusion criteria and no exclusion criteria were provided, it is eligible for inclusion."
"Fleury, Vanessa and Himsl, Rebecca and Joost, Stéphane and Nicastro, Nicolas and Bereau, Matthieu and Guessous, Idris and Burkhard, Pierre R.",2021,Geospatial analysis of individual-based Parkinson’s disease data supports a link with air pollution: A case-control study,Parkinsonism and Related Disorders,10.1016/j.parkreldis.2020.12.013,VERY_HIGH,INCLUDE,INCLUDE," The study meets all inclusion criteria. and - **Language:** The article is written in English. and - **Study Design:** The study is an observational case-control study, which is an eligible study design. The title identifies it as a 'case-control study', and the methods section confirms this design by identifying Parkinson's disease cases (n=1115) and controls (n=12,614) from a human population in Geneva, Switzerland. and - **Exposure:** The study investigates exposure to Nitrogen Dioxide (NO2), which is one of the specified pollutants. The abstract, methods, and results sections all explicitly mention and analyze NO2 concentrations. For example, the methods section states, 'Concentrations of dioxide nitrogen (NO2) and particulate matters (PM₁₀) were available...'. and - **Outcome:** The study explicitly investigates Parkinson's disease (PD) as the primary adverse health outcome. The title and abstract clearly state the focus is on PD. and - **Exposure-Outcome Link:** The study directly investigates the relationship between PD and NO2. The conclusion states, 'A positive association was detected between PD clusters and air pollution.' The results section quantifies this association: 'The NO2 concentration was higher by 3.6μg/m3 (p < 0.001) in the adjusted hotspots than in the adjusted PD coldspots.'"
"Goria, Sarah and Pascal, Mathilde and Corso, Magali and Le Tertre, Alain",2021,Short-term exposure to air pollutants increases the risk of hospital admissions in patients with Parkinson's disease – A multicentric study on 18 French areas,Atmospheric Environment,10.1016/j.atmosenv.2021.118668,VERY_HIGH,INCLUDE,INCLUDE," The study is included as it meets all specified inclusion criteria. and 1. **Language**: The article is written in English. and 2. **Study Design**: The study is a primary observational study, specifically a 'multicentric time-series design' conducted on a human population in 18 French areas, as described in the 'Statistical analyses' section. and 3. **Exposure**: The study investigates exposure to Nitrogen Dioxide (NO₂) and Ozone (O₃), which are listed in the inclusion criteria. The abstract states the objective is to analyze the association of 'air pollution (PM₁₀, PM₂.₅, NO₂ and ozone)' with the outcome. and 4. **Outcome**: Parkinson's disease (PD) is explicitly mentioned as the adverse health outcome. The study focuses on 'hospital admissions for Parkinson's disease (PD)', as stated in the title and abstract. and 5. **Exposure-Outcome Relationship**: The study explicitly investigates Parkinson's disease as a health outcome related to the specified air pollutants. The conclusion states, 'Our results suggest a short-term association between PM, NO₂, ozone and daily hospital admissions due to PD.'"
"Huang, Yi-Ming and Ma, Ya-Hui and Gao, Pei-Yang and Cui, Xi-Han and Hou, Jia-Hui and Chi, Hao-Chen and Fu, Yan and Wang, Zhi-Bo and Feng, Jian-Feng and Cheng, Wei and Tan, Lan and Yu, Jin-Tai",2024,Genetic susceptibility modifies the association of long-term air pollution exposure on Parkinson's disease,npj Parkinson's Disease,10.1038/s41531-024-00633-1,VERY_HIGH,INCLUDE,INCLUDE," ## Analysis and This is a prospective cohort study (PEO framework applies) using UK Biobank data (n=312,009) investigating the association between long-term exposure to air pollutants (PM2.5, PM10, NO2, NOx) and incident Parkinson's disease, with an additional focus on gene-environment interaction via polygenic risk scores. The article is written in English. and ### Per-Label Synthesis and - **exposure (NOT_TRIGGERED):** The inclusion criteria state that 'at least one pollutant must be mentioned' from CO, O3, or NO2. NO2 is not merely mentioned but is a primary exposure variable, with extensive quantitative results reported (HR: 1.247 for highest vs. lowest quartile; HR: 1.089 per 10 μg/m³ increase). The fact that CO and O3 were not assessed (noted as a limitation) does not disqualify the study, as the criterion requires only one of the three pollutants. and - **outcome (NOT_TRIGGERED):** Parkinson's disease is explicitly the central adverse health outcome, directly investigated in relation to air pollution exposure. The criterion is fully satisfied. and - **population (NOT_TRIGGERED):** This is a human population-based cohort (UK Biobank, 312,009 participants), meeting the observational study criterion. and - **study_design (NOT_TRIGGERED):** Prospective cohort study is a primary observational study design, clearly meeting the inclusion criterion. and - **language (NOT_TRIGGERED):** The article is in English. and ### Prior Reviewer Deliberation and - **AI Researcher 1** argued for exclusion based on the absence of CO and O3 assessments. This reasoning is flawed: the inclusion criteria state 'at least one pollutant must be mentioned,' not all three. NO2 is prominently and extensively investigated. This interpretation incorrectly applies the criteria. and - **AI Researcher 2** correctly identified that the inclusion criteria require only one of the specified pollutants, and NO2 is present and central to the study. This reasoning is sound and aligned with the stated criteria. and ### Conclusion and The study clearly meets all inclusion criteria: it is written in English, is a primary prospective cohort observational study of a human population, explicitly investigates NO2 (one of the required pollutants), and examines Parkinson's disease as an adverse health outcome related to air pollution. No exclusion criteria were provided. The study should be INCLUDED."
"Iriso, M. and Linares, C. and Díaz, J. and Ruiz-Páez, R. and Navas, M.A. and López-Bueno, J.",2025,How air pollution and extreme temperatures affect emergency hospital admissions due to neurological diseases: A study in 10 Spanish provinces,Atmospheric Environment,10.1016/j.atmosenv.2025.121663,LOW,INCLUDE,EXCLUDE," ## Analysis and This is a retrospective ecological time series study examining how air pollution (PM10, PM2.5, NO2, O3) and extreme temperatures affect emergency hospital admissions due to neurological diseases in 10 Spanish provinces over 2013–2018. The eligibility framework applicable here is **PEO** (Population, Exposure, Outcome): the population is residents of Spanish provinces admitted for neurological causes; the exposures are NO2 and O3 (among others); and the outcome is emergency hospital admissions for neurological diseases including Parkinson's. The study is in English and uses an observational design. and ### Per-Label Synthesis and **Language (NOT_TRIGGERED):** The article is entirely in English. Criterion fully met. and **Study design (NOT_TRIGGERED):** The retrospective ecological time series design is an observational study on a human population, matching the inclusion criteria. and **Exposure (NOT_TRIGGERED):** NO2 and O3—two of the three specified pollutants—are explicitly included as independent variables with quantified effects on hospital admissions. The criterion requiring at least one pollutant is clearly met. and **Outcome (AMBIGUOUS):** This is the central controversy. Parkinson's disease (ICD-10: G20) is explicitly listed as one of four diseases included in the composite dependent variable 'Neuro.' The study directly investigates the relationship between NO2 and O3 and this composite outcome that includes Parkinson's hospitalizations. The analysis computes ORs and attributable admissions for the composite group; Parkinson's-specific results are not provided. The inclusion criteria state: 'Parkinsons hospitalizations or hospitalizations as a result of individuals with Parkinson's exposed to air pollution can be included'—which strongly supports interpreting a composite outcome that contains Parkinson's hospitalizations as meeting the criterion. The criteria also state Parkinson's must be 'at least one outcome of interest,' which it is, being an explicitly named disease within the composite. The composite outcome is defined partly by Parkinson's ICD codes. Taking the broad, inclusive language of the criteria into account, I classify this as AMBIGUOUS but leaning toward met rather than unmet. and ### Prior Reviewer Deliberation"
"Jahanshahi, Babak and McVicar, Duncan and Rowland, Neil",2025,Exposure to ambient air pollution and onset of Parkinson's disease in a large cohort study,npj Parkinson's Disease,10.1038/s41531-025-01156-z,VERY_HIGH,INCLUDE,INCLUDE," ## Analysis and This is a population-based longitudinal cohort study (primary observational study) examining the association between ambient air pollution (PM2.5 and NO2) and Parkinson's disease (PD) onset in a 28% representative sample of Northern Ireland's population (N=292,925) tracked from 2009–2016. The applicable framework is **PEO** (Population, Exposure, Outcome): Population = Northern Ireland adults aged 28+; Exposure = ambient PM2.5 and NO2 concentrations; Outcome = onset of Parkinson's disease. Cox Proportional Hazard models were used to analyze the associations. and ### Per-Label Synthesis and - **language**: NOT_TRIGGERED. The article is written entirely in English. and - **population**: NOT_TRIGGERED. This is a large, nationally representative human cohort study (N=292,925) from Northern Ireland. and - **exposure**: NOT_TRIGGERED. NO2 is one of the two primary pollutants studied, and it is explicitly listed as a required pollutant in the inclusion criteria. The study extensively investigates NO2 alongside PM2.5. and - **outcome**: NOT_TRIGGERED. Parkinson's disease is explicitly named as the adverse health outcome of interest throughout the title, abstract, introduction, methods, and results. The use of a prescription-based proxy is a methodological choice—the study is clearly designed to investigate PD as the outcome related to air pollution. The inclusion criteria require PD to be ""explicitly mentioned as an adverse health outcome related to air pollution,"" which is unambiguously satisfied here. The proxy measurement concern is a methodological limitation acknowledged by the authors, not a failure to meet the outcome criterion. and - **study_design**: NOT_TRIGGERED. This is explicitly described as a ""population-based longitudinal cohort study""—a primary observational study design meeting the inclusion criteria. and ### Prior Reviewer Deliberation"
"Jo, MD and Kim, PhD and Park, MD and Hwang, MD and Lee, MD and Kim, MD, PhD and Chung, MD, PhD",2021,Association of NO₂ and Other Air Pollution Exposures With the Risk of Parkinson Disease,JAMA Neurology,10.1001/jamaneurol.2021.1335,VERY_HIGH,INCLUDE,INCLUDE," The study meets all inclusion criteria. and 1. **Language**: The article is written in English. and 2. **Study Design**: The study is an observational study. The methods section explicitly states, 'This retrospective cohort study used data from the Korean National Health Insurance Service.' and 3. **Exposure**: The study investigates all three specified air pollutants. The objective is to 'investigate the potential association between exposure to particulate matters (PM2.5 and PM10), nitrogen dioxide (NO2), ozone (O3), sulfur dioxide (SO2), and carbon monoxide (CO) and the risk of incident PD.' and 4. **Outcome**: Parkinson's disease is the primary health outcome investigated. The title is 'Association of NO₂ and Other Air Pollution Exposures With the Risk of Parkinson Disease,' and the main outcome is defined as 'the association between air pollution and the risk of incident PD.' and 5. **Exposure-Outcome Relationship**: The study explicitly investigates the relationship between the specified air pollutants and Parkinson's disease. The results state, 'Exposure to NO₂ was associated with an increase in risk of PD... No statistically significant associations between exposure to... O₃... or CO and PD incidence were found.'"
"Karakis, Isabella and Yarza, Shaked and Zlotnik, Yair and Ifergane, Gal and Kloog, Itai and Grant-Sasson, Kineret and Novack, Lena",2023,Contribution of Solar Radiation and Pollution to Parkinson's Disease,International Journal of Environmental Research and Public Health,10.3390/ijerph20032254,VERY_HIGH,INCLUDE,INCLUDE," The study is included because it meets all specified inclusion criteria. and 1. **Language:** The article is written in English. and 2. **Study Design:** It is a primary observational study, specifically a case-control study, conducted on a human population in Southern Israel. The abstract describes the study population as '3343 incident PD cases and 31,324 non-PD controls', and the keywords list 'case-control study'. and 3. **Exposure:** The study investigates several air pollutants, including two of the required pollutants: Nitrogen Dioxide (NO2) and Ozone (O3). This is mentioned in the abstract, methods, and results sections. For example, the abstract states, 'Ozone (O₃) was also adversely linked to PD...'. and 4. **Outcome:** Parkinson's Disease (PD) is explicitly identified as the adverse health outcome of interest throughout the article, as indicated by the title 'Contribution of Solar Radiation and Pollution to Parkinson's Disease'. and 5. **Exposure-Outcome Relationship:** The study directly investigates the association between the specified air pollutants (NO2 and O3) and the onset of Parkinson's Disease. The results section presents odds ratios for this relationship."
"Kirrane, Ellen F. and Bowman, Christal and Davis, Allen and Hoppin, Jane A. and Blair, Aaron and Chen, Honglei and Patel, Molini M. and Sandler, Dale P. and Tanner, Caroline M. and Vinikoor-Imler, Lisa and Ward, Mary H. and Luben, Thomas J. and Kamel, Freya",2015,Associations of Ozone and PM₂.₅ Concentrations With Parkinson’s Disease Among Participants in the Agricultural Health Study,Journal of Occupational and Environmental Medicine,10.1097/jom.0000000000000451,VERY_HIGH,INCLUDE,INCLUDE," ## Analysis and This article is a primary observational study (cohort-based logistic regression analysis) examining associations between ambient ozone (O3) and PM2.5 concentrations and Parkinson's disease among participants in the Agricultural Health Study (AHS), a large cohort of farmers and spouses in Iowa and North Carolina. The applicable framework is PEO (Population, Exposure, Outcome). and ### Per-Label Synthesis and - **population**: NOT_TRIGGERED. The study involves a human population of farmers and spouses enrolled in the AHS, a valid observational cohort. and - **exposure**: NOT_TRIGGERED. Ozone (O3) is one of the three specified air pollutants in the inclusion criteria and is a central exposure in this study. The inclusion criteria specify that at least one pollutant must be mentioned, and ozone is explicitly studied throughout. and - **outcome**: NOT_TRIGGERED. Parkinson's disease is explicitly the primary health outcome investigated in relation to air pollution exposures. The study directly investigates PD as an adverse health outcome related to ozone and PM2.5. and - **study_design**: NOT_TRIGGERED. This is a primary observational study (cohort with logistic regression analysis), which is included per the inclusion criteria. and - **language**: NOT_TRIGGERED. The article is written in English. and ### Prior Reviewer Deliberation"
"Krzyzanowski, PhD and Mullan, MS and Turcano, MD and Camerucci, MD and Bower, MD and Savica, MD, PhD",2024,Air Pollution and Parkinson Disease in a Population-Based Study,JAMA Network Open,10.1001/jamanetworkopen.2024.33602,VERY_HIGH,INCLUDE,INCLUDE," ## Analysis and This is a population-based case-control study (with a secondary cohort component) examining the association between air pollution exposures (PM2.5 and NO2) and Parkinson's disease risk and clinical characteristics. The study used data from the Rochester Epidemiology Project (1998-2015), including 346 PD patients and 4813 matched controls. The applicable framework is PEO (Population, Exposure, Outcome), as this is an observational etiology study. and ### Per-Label Synthesis and - **Population (NOT_TRIGGERED)**: The study clearly involves a human population — patients with PD and matched controls from the Rochester Epidemiology Project in Minnesota. and - **Exposure (NOT_TRIGGERED)**: NO2 is explicitly investigated as an exposure alongside PM2.5. NO2 is one of the three required pollutants in the inclusion criteria (CO, O3, NO2). The abstract states: ""mean annual exposure to nitrogen dioxide (NO₂) from 2000 to 2014"" and results show ""Greater NO₂ exposure was also associated with increased PD risk."" and - **Outcome (NOT_TRIGGERED)**: Parkinson's disease is the primary adverse health outcome. The study title, objective, and results all center on PD. The association between NO2/PM2.5 and PD risk is directly and explicitly investigated. and - **Study_design (NOT_TRIGGERED)**: The study is unambiguously a primary observational study — specifically a population-based case-control study. The Methods section states: ""We included 2 study designs: a case-control study design...and a cohort study design."" This is primary research with original data, not a review. and - **Language (NOT_TRIGGERED)**: The article is in English. and ### Prior Reviewer Deliberation and - **AI Researcher 1** incorrectly characterized this study as a literature review. Reading the full text makes clear this is original primary research with data from the Rochester Epidemiology Project. This argument is factually wrong and should be rejected. and - **AI Researcher 2** correctly identified all inclusion criteria as being met: English language, observational study design (case-control and cohort), NO2 as a named exposure, and PD as the explicit primary outcome with demonstrated associations. and ### Conclusion and All inclusion criteria are met: (1) Written in English; (2) Primary observational study (case-control and cohort) of a human population; (3) NO2 (nitrogen dioxide) is explicitly mentioned and investigated as an exposure; (4) Parkinson's disease is the primary adverse health outcome; (5) The relationship between NO2 (and PM2.5) and PD risk is directly investigated with statistically significant associations found. The study should be INCLUDED."
"Kuopio, MD and Marttila, MD and Helenius, MSc and Rinne, MD",1999,Environmental Risk Factors in Parkinson’s Disease,Movement Disorders,10.1002/mds.870140603,LOW,INCLUDE,INCLUDE," ## Analysis and This is a community-based case-control study (n=123 cases, n=246 controls) examining environmental risk factors for Parkinson's disease in Finland (1992 prevalence material). The applicable framework is **PEO** (Population, Exposure, Outcome): Population = Finnish adults; Exposure = various environmental factors including carbon monoxide; Outcome = Parkinson's disease. The study is written in English. and ### Per-Label Synthesis and **Language (NOT_TRIGGERED):** The article is written entirely in English. ✓ and **Study design (NOT_TRIGGERED):** Community-based case-control study — a primary observational design explicitly covered by the inclusion criteria. ✓ and **Population (NOT_TRIGGERED):** Human population (Finnish adults), primary observational study. ✓ and **Outcome (NOT_TRIGGERED):** Parkinson's disease is the explicit and sole primary health outcome throughout the article, including in the title. ✓ and **Exposure (AMBIGUOUS):** Carbon monoxide (CO) is explicitly mentioned in the abstract, in Table 5, and in the Appendix under 'Accidental Exposures.' The study investigates whether CO poisoning history differs between PD cases and controls (OR=1.18, 95% CI 0.70–1.98, p=0.533). The debate is whether 'CO poisoning' qualifies under the inclusion criterion of 'Carbon Monoxide (CO)' as an air pollutant. The inclusion criteria state: *'Air pollutants to be mentioned: Carbon Monoxide (CO)... At least one pollutant must be mentioned in TiAb or FT. Setting can be either outdoor/indoor.'* The criterion does not restrict to ambient or chronic exposure — it requires only that CO be mentioned and that PD be investigated as a health outcome in relation to CO. Both conditions are unambiguously met. The abstract explicitly references carbon monoxide poisonings as an investigated factor. The framing as 'accidental poisoning' rather than ambient pollution is a characterization issue but does not negate that CO is the chemical agent being examined in relation to PD. and ### Prior Reviewer Deliberation and **AI Researcher 1 (INCLUDE):** I agree with the conclusion. The inclusion criteria are sufficiently broad — CO is mentioned and PD is investigated as an outcome related to CO exposure. The criteria do not require ambient or chronic exposure specifically. and **AI Researcher 2 (EXCLUDE):** While the argument about the distinction between acute poisoning and ambient air pollution is scientifically valid and would be relevant if the eligibility criteria drew this distinction, the actual inclusion criteria provided do not make this distinction. The criteria require only that CO be mentioned and that PD be investigated in relation to it. Imposing an additional unstated requirement (chronic/ambient exposure only) would exceed the stated criteria. I disagree with this exclusion. and ### Conclusion and The study meets all inclusion criteria: written in English, primary observational (case-control) design, human population, CO is explicitly mentioned and investigated in relation to PD in both the abstract and full text, and Parkinson's disease is the explicit adverse health outcome. The exposure label is AMBIGUOUS in the sense that CO is framed as acute poisoning rather than ambient pollution, but the inclusion criteria language is broad and does not exclude this form of CO exposure. Per the decision guidance, in cases of ambiguity, inclusion criteria take precedence and the study should lean toward inclusion. The study is included."
"Kwon, Dayoon and Paul, Kimberly C. and Yu, Yu and Zhang, Keren and Folle, Aline D. and Wu, Jun and Bronstein, Jeff M. and Ritz, Beate",2023,Traffic-related air pollution and Parkinson's disease in central California,Environmental Research,10.1016/j.envres.2023.117434,VERY_HIGH,INCLUDE,INCLUDE," The study is included as it meets all specified inclusion criteria. and 1. **Language:** The article is written in English. and 2. **Study Design:** The study is described as a 'population-based case-control study' in the Methods section, which is a valid observational study design on a human population. and 3. **Exposure:** The study investigates Carbon Monoxide (CO), one of the specified pollutants. The abstract states the study estimated 'annual average carbon monoxide (CO) concentrations', and Table 2 is dedicated to the association between CO and Parkinson's disease. and 4. **Outcome:** Parkinson's Disease (PD) is the explicit health outcome of interest, as stated in the title and throughout the article. and 5. **Exposure-Outcome Link:** The study's primary objective is to investigate the link between exposure to air pollutants, including CO, and the risk of PD. The conclusion states, 'long-term modeled exposure to local traffic-related air pollution (CO) ... was associated with an increased risk of PD.' The study fully satisfies all inclusion criteria, and no exclusion criteria were provided that would warrant its removal."
"Kwon, MPH and Paul, PhD and Kusters, PhD and Wu, PhD and Bronstein, MD, PhD and Lill, MD and Ketzel, PhD and Raachou-Nielsen, PhD and Hansen, PhD and Ritz, MD, PhD",2025,Interaction Between Traffic-Related Air Pollution and Parkinson Disease Polygenic Risk Score,JAMA Network Open,10.1001/jamanetworkopen.2025.0854,VERY_HIGH,INCLUDE,INCLUDE," ## Analysis and This is a population-based case-control study (with meta-analysis of two cohorts, PEG in California and PASIDA in Denmark) examining gene-environment interactions between polygenic risk scores for Parkinson's disease (PD) and long-term traffic-related air pollution (TRAP) exposure, measured using carbon monoxide (CO) and nitrogen dioxide (NO2) as proxies. The study is written in English, involves human participants, and has PD diagnosis as its main outcome. The appropriate eligibility framework is **PEO** (Population, Exposure, Outcome), given the observational etiology question. and ### Per-Label Synthesis and - **language**: NOT_TRIGGERED — Article is in English. and - **study_design**: NOT_TRIGGERED — Explicitly described as a 'population-based case-control study,' a canonical observational design listed in the inclusion criteria. and - **population**: NOT_TRIGGERED — Human participants with confirmed PD and controls from two large population-based cohorts. and - **exposure**: NOT_TRIGGERED — CO and NO2 are both explicitly measured and reported as air pollutants. CO is quantitatively used as the primary exposure variable for estimating PD risk ('CO level was used as a proxy for local TRAP'). The inclusion criteria require that at least one of CO, O3, or NO2 be mentioned and that PD be investigated as a health outcome related to those pollutants. CO clearly meets this threshold: it is not merely mentioned in passing but is the central quantitative exposure measure from which PD odds ratios are computed. The inclusion criteria make no requirement that CO be studied as an independent causal agent rather than as a proxy or indicator variable. and - **outcome**: NOT_TRIGGERED — 'The main outcome was diagnosis of PD.' Parkinson's disease is investigated explicitly as the adverse health outcome related to CO/NO2/TRAP. and ### Prior Reviewer Deliberation and - **AI Researcher 1** argued that CO's use as a TRAP proxy means the association cannot be attributed specifically to CO, violating the inclusion criterion. This argument is not compelling. The inclusion criteria require that Parkinson's be 'investigated as a health outcome related to either of the three defined air pollutants' — not that CO be demonstrated as an independent cause. CO is the quantitative measure of exposure used throughout the analysis; the study meets the letter and spirit of the criterion. and - **AI Researcher 2** correctly identified all inclusion criteria as satisfied. CO and NO2 are explicitly named, PD is the primary outcome, and the study is a case-control observational design conducted in a human population. This position is compelling and well-supported. and ### Conclusion and The study meets all inclusion criteria: written in English, primary observational (case-control) design, human population, explicit mention and quantitative use of CO (and mention of NO2), and PD explicitly investigated as the adverse health outcome related to air pollution exposure. No exclusion criteria were provided. The study is included. AI Researcher 1's interpretation imposes a restriction not present in the stated inclusion criteria."
"Lai, MD and Chou, MD and Lin, MSc and Kao, MD",2015,Increased Risk of Parkinson Disease in Patients With Carbon Monoxide Intoxication,Medicine,10.1097/md.0000000000000869,MEDIUM,INCLUDE,INCLUDE," ## Analysis and This is a population-based retrospective cohort study from Taiwan (NHIRD) examining the association between carbon monoxide intoxication (COI) and subsequent development of Parkinson's disease (PD) in 9,012 adults compared to 36,048 matched controls. The applicable eligibility framework is **PEO** (Population, Exposure, Outcome), given this is an observational etiological study. The study is written in English, uses a primary observational design, involves a human population, involves Carbon Monoxide (CO) as the exposure agent, and measures PD incidence as the primary outcome. and ### Per-Label Synthesis and - **Language**: NOT_TRIGGERED. Article is in English. and - **Study design**: NOT_TRIGGERED. Retrospective population-based cohort study is a primary observational design explicitly covered by the inclusion criteria. and - **Population**: NOT_TRIGGERED. Adult humans from a large national health insurance registry. and - **Outcome**: NOT_TRIGGERED. PD is the primary, explicitly defined adverse health outcome. and - **Exposure**: NOT_TRIGGERED. The inclusion criteria state that at least one of CO, O3, or NO2 must be 'mentioned' and that PD must be investigated as a health outcome 'related to' one of those pollutants. Carbon monoxide is mentioned throughout the entire article. The criteria do not specify that the exposure must be chronic, ambient, or environmental—they allow 'either outdoor/indoor' setting and do not restrict exposure type. The study investigates PD as a direct health outcome in relation to CO exposure. The article's limitations section itself acknowledges the database cannot distinguish acute from chronic CO exposure, indicating that the distinction between 'poisoning' and 'ambient pollution' is not a bright line. No exclusion criteria were provided that would explicitly exclude acute CO poisoning events. and ### Prior Reviewer Deliberation and Researcher 1's argument that acute CO intoxication is fundamentally different from environmental air pollution exposure is logically coherent from an epidemiological standpoint, but it imports a restriction that is not present in the stated inclusion criteria. The criteria simply require CO to be mentioned and PD to be investigated as a related outcome—both conditions are unambiguously met. Researcher 2 correctly identifies that all stated inclusion criteria are satisfied and notes the absence of exclusion criteria that would bar this study. I agree with Researcher 2's conclusion. and ### Conclusion and All inclusion criteria are met and no exclusion criteria are triggered. The article is in English, is a primary observational cohort study of a human population, mentions Carbon Monoxide as the exposure, and explicitly investigates Parkinson's disease as the adverse health outcome related to CO. The study should be INCLUDED."
"Lee, Hyewon and Myung, Woojae and Kim, Doh Kwan and Kim, Satbyul Estella and Kim, Clara Tammy and Kim, Ho",2017,Short-term air pollution exposure aggravates Parkinson's disease in a population-based cohort,Scientific Reports,10.1038/srep44741,VERY_HIGH,INCLUDE,EXCLUDE," The study meets all inclusion criteria. and 1. Language: The article is written in English. and 2. Study Design: The study is an observational study, specifically a time-stratified case-crossover design, which is a variant of a case-control study. and 3. Population: The study population is a human cohort derived from the Korean National Health Insurance Service-National Sample Cohort. and 4. Exposure: The study investigates the required air pollutants, including Carbon Monoxide (CO), Ozone (O3), and Nitrogen Dioxide (NO2), as stated in the abstract. and 5. Outcome: Parkinson's disease is the explicit adverse health outcome, defined as 'PD aggravation' leading to 'emergency hospital admissions for primarily diagnosed PD'. This aligns with the criterion that 'Parkinsons hospitalizations' can be included. and 6. Exposure-Outcome Relationship: The study's primary objective is to investigate the association between short-term exposure to these air pollutants and the aggravation of Parkinson's disease."
"Lee, Pei-Chen and Liu, Li-Ling and Sun, PhD and Chen, Yu-An and Liu, Chih-Ching and Li, Chung-Yi and Yu, Hwa-Lung and Ritz, PhD",2016,Traffic-related air pollution increased the risk of Parkinson's disease in Taiwan: A nationwide study,Environment International,10.1016/j.envint.2016.08.017,VERY_HIGH,INCLUDE,INCLUDE," The study is included because it meets all the specified inclusion criteria. and 1. **Language:** The article is written in English. and 2. **Study Design:** The study is a 'nationwide population-based case-control study', which is an eligible observational study design. and 3. **Population:** The study was conducted on a human population in Taiwan, identified from the Taiwanese National Health Insurance Research Database. and 4. **Exposure:** The study investigates the effects of ambient air pollutants, including Carbon Monoxide (CO) and Ozone (O3), which are specified in the inclusion criteria. The abstract states, 'We observed positive associations between NOx, CO exposures, and PD.' The methods and results sections confirm the analysis of CO and O3. and 5. **Outcome:** Parkinson's disease (PD) is explicitly identified as the adverse health outcome of interest, as indicated by the title and the study's objective. and 6. **Exposure-Outcome Link:** The study directly investigates the relationship between exposure to the specified air pollutants and the risk of developing Parkinson's disease. The conclusion confirms this link: 'This study suggests that ambient air pollution exposure, especially from traffic-related pollutants such as NOx and CO, increases PD risk...'"
"Lee, Pei-Chen and Raaschou-Nielsen, Ole and Lill, Christina M. and Bertram, Lars and Sinsheimer, Janet S. and Hansen, Johnni and Ritz, Beate",2016,Gene-environment interactions linking air pollution and inflammation in Parkinson's disease,Environmental Research,10.1016/j.envres.2016.09.006,VERY_HIGH,INCLUDE,INCLUDE," ## Analysis and This article is a primary population-based case-control study (Danish PASIDA study) investigating whether genetic polymorphisms in inflammation-related genes (TNF rs1800629 and IL1B rs16944) interact with long-term traffic-related air pollution exposure to affect Parkinson's disease (PD) risk. The applicable framework is **PEO** (Population: Danish adults ≥35 years; Exposure: long-term NO2, NOx, and CO concentrations modeled via AirGIS; Outcome: incident Parkinson's disease). and ### Per-Label Synthesis and **Language (NOT_TRIGGERED):** The article is written entirely in English. and **Study_design (NOT_TRIGGERED):** The study is a primary population-based case-control study with 1476 confirmed PD cases and 1537 matched population controls. This qualifies as a primary observational study of a human population, satisfying the inclusion criterion. and **Exposure (NOT_TRIGGERED):** The study explicitly measures and analyzes outdoor traffic-related air pollution including NO2 and CO (both listed in the inclusion criteria). Table 2 provides descriptive statistics; Table 3 reports adjusted ORs per IQR increase for both pollutants. The text states: ""We estimated the yearly concentration of outdoor traffic-related air pollution (NO2, NOx, and CO)."" and **Outcome (NOT_TRIGGERED):** Parkinson's disease is the explicit and only adverse health outcome investigated. The study directly reports that ""long-term exposure to NO2 increased PD risk overall (OR=1.06 per 2.94 μg/m3 increase, 95% CI=1.00–1.13)."" CO exposure is also tested with OR=1.11 (95% CI=1.03–1.18). The inclusion criterion requires that ""Parkinson's must be investigated as a health outcome related to either of the three defined air pollutants""—this is clearly satisfied regardless of whether the interaction analysis is the primary or secondary objective. and **Population (NOT_TRIGGERED):** Human population of Danish adults, clearly defined. and ### Prior Reviewer Deliberation and **AI Researcher 1 (EXCLUDE):** The argument that the study must primarily focus on the direct air pollution–PD relationship is not supported by the text of the inclusion criteria. The criteria state only that ""Parkinson's must be investigated as a health outcome related to either of the three defined air pollutants""—there is no requirement that this be the study's primary aim. The study clearly reports direct associations between NO2/CO and PD risk (Table 3), satisfying the criterion regardless of the overarching gene-environment interaction focus. I disagree with Researcher 1's interpretation. and **AI Researcher 2 (INCLUDE):** Researcher 2 correctly identified that all inclusion criteria are satisfied and that the study directly investigates PD as a health outcome related to air pollution. I agree with this assessment. and ### Conclusion and All inclusion criteria are met: (1) English language; (2) primary observational study (case-control); (3) NO2 and CO explicitly measured and analyzed; (4) PD is the explicit adverse health outcome; (5) PD is directly investigated as an outcome related to air pollution with quantitative effect estimates reported. The gene-environment interaction focus does not disqualify the study—the direct pollutant–PD associations are fully reported and analyzed. The study should be **INCLUDED**."
"Liu, Jianghong and Pan, Michael and Shi, Haoer and Sun, McKenna and Chen, Aimin and Feng, Rui",2025,Air pollution and Parkinson's disease: A prospective cohort study with sex-stratified analysis in the UK biobank,Neurotoxicology,10.1016/j.neuro.2025.103353,VERY_HIGH,INCLUDE,INCLUDE," The study meets all inclusion criteria. and - **Language:** The article is written in English. and - **Study Design:** The study is a primary observational study. The title identifies it as a 'prospective cohort study', and the Methods section confirms the use of data from the 'UK Biobank database, a population-based cohort study involving over 500,000 individuals'. This aligns with the requirement for a primary or secondary observational study of a human population. and - **Exposure:** The study investigates at least one of the required air pollutants. The abstract states the study 'examined associations between exposure to nitrogen dioxide (NO2) and particulate matter'. The Methods section further specifies, 'This study utilized estimates of annual exposure to NO₂ from 2005 to 2007'. Nitrogen Dioxide (NO2) is one of the pollutants listed in the inclusion criteria. and - **Outcome:** Parkinson's disease is explicitly mentioned and investigated as the primary adverse health outcome. The title is 'Air pollution and Parkinson's disease...', and the abstract's objective is to examine the association between air pollutants and 'incident PD' (Parkinson's disease). and - **Relationship:** The study explicitly investigates Parkinson's disease as a health outcome related to a specified air pollutant. The abstract concludes that 'long-term exposure to NO2 and PM10 was linked to increased PD risk', and the entire analysis is focused on quantifying this relationship. and No exclusion criteria were provided, and the study fully satisfies all aspects of the inclusion criteria."
"Liu, Rui and Young, Michael T. and Chen, Jiu-Chiuan and Kaufman, Joel D. and Chen, Honglei",2016,Ambient Air Pollution Exposures and Risk of Parkinson Disease,Environmental Health Perspectives,10.1289/ehp135,VERY_HIGH,INCLUDE,INCLUDE," The study meets all inclusion criteria. and Argument for Inclusion: and - Language: The article is written in English. and - Study Design: The study is a primary observational study. The methods section explicitly states, 'The PAGE study is a nested case-control study within the large prospective National Institutes of Health (NIH)-AARP... Diet and Health Study.' This is an accepted observational study design. and - Population: The study population is human, consisting of '1,556 self-reported physician-diagnosed PD cases... and 3,313 controls'. and - Exposure: The study investigates one of the specified air pollutants. The objective is to investigate 'the associations of long-term residential concentrations of ambient particulate matter... and nitrogen dioxide (NO2) in relation to PD risk.' Nitrogen Dioxide (NO2) is one of the pollutants listed in the inclusion criteria. and - Outcome: The study explicitly mentions and investigates Parkinson's disease as the primary health outcome, as stated in the title 'Ambient Air Pollution Exposures and Risk of Parkinson Disease'. and - Exposure-Outcome Link: The study's primary purpose is to investigate the relationship between the specified air pollutant and Parkinson's disease. The methods and results are focused on analyzing the association between NO2 exposure and the risk of PD. and Argument against Inclusion: and After a thorough review against the provided criteria, no reasons for exclusion were identified. The study fully aligns with all inclusion criteria."
"Lomme, Jara and Reedijk, Marije and Peters, Susan and Downward, George S. and Stefanopoulou, Magdalini and Vermeulen, Roel and Huss, Anke",2024,"Traffic-related air pollution, road traffic noise, and Parkinson's disease",Environmental Epidemiology,10.1097/ee9.0000000000000272,VERY_HIGH,INCLUDE,INCLUDE," ## Analysis and This is a primary observational cohort study (two Dutch population-based cohort studies: EPIC-NL and AMIGO) with 50,087 participants investigating the association between traffic-related air pollution, road traffic noise, and Parkinson's disease risk. The applicable framework is PEO (Population, Exposure, Outcome). The population is adult humans from the Netherlands, the exposures include NO2, NOx, various PM fractions, UFP, and road traffic noise, and the outcome is Parkinson's disease. and ### Per-Label Synthesis and - **population**: NOT_TRIGGERED. The study involves a large human population-based sample, fully satisfying the inclusion criterion for observational studies of a human population. and - **exposure**: NOT_TRIGGERED. NO2 is explicitly included as one of the investigated air pollutants. The abstract states exposures include 'NO2, NOx' assigned to residential addresses. Table 3 shows a fully adjusted single-exposure OR for NO2 of 1.48 (95% CI = 0.99, 2.25). The inclusion criteria require that at least one of CO, O3, or NO2 is mentioned — NO2 clearly and explicitly satisfies this. The fact that NO2's association attenuates in two-pollutant models does not negate its investigation as an exposure of interest. and - **outcome**: NOT_TRIGGERED. Parkinson's disease is the primary outcome examined throughout the study, from title to conclusion. and - **study_design**: NOT_TRIGGERED. This is a primary observational cohort study, explicitly eligible under the inclusion criteria. and - **language**: NOT_TRIGGERED. Written entirely in English. and ### Prior Reviewer Deliberation"
"Nicole, Wendee",2024,Trafficking in Disease: More Evidence for Air Pollution-Parkinson's Association,Environmental Health Perspectives,10.1289/ehp14469,VERY_HIGH,EXCLUDE,INCLUDE," ## Analysis and Using the PEO framework (Population, Exposure, Outcome), this article would ideally need to be a primary or secondary observational study investigating a human population exposed to CO, O3, or NO2, with Parkinson's disease as an outcome. The document under review is a news/commentary article authored by science writer Wendee Nicole, published in Environmental Health Perspectives (March 2024). It summarizes and discusses the findings of a separate primary research study (Cao et al., 2024) on air pollutants and Parkinson's disease risk among women in the NIEHS Sister Study. and ### Per-Label Synthesis and **study_design — CLEARLY_TRIGGERED**: The document is unambiguously a news article, not a primary or secondary observational study. The document metadata confirms 'Document Type: Article' (i.e., a journalistic piece), the author is identified as 'an award-winning science writer,' and the text consistently refers to the underlying research in the third person ('A paper recently published...', 'the researchers identified...', 'the authors wrote'). The inclusion criteria explicitly require primary or secondary observational studies of a human population. This document is a tertiary journalistic source and does not qualify. All other labels (population, exposure, outcome, language) are NOT_TRIGGERED in terms of content discussed, but this cannot override the fundamental study design disqualification. and ### Prior Reviewer Deliberation and Exclusion labels: study_design"
"Nikmanesh, Yousef and Mohammadi, Mohammad Javad and Yousefi, Homayon and Mansourimoghadam, Sara and Taherian, Masoume",2024,Exposure to toxic air pollutants and brain tumors,DE GRUYTER,10.1515/degruyter-2023-0001,VERY_HIGH,EXCLUDE,EXCLUDE," The article is a 'Review' as explicitly stated in the title ('Review') and in the 'Abstract' and 'Introduction' sections (e.g., 'The aim of this study was investigation effect of long-term exposure to toxic air pollutants on the increased risk of malignant brain tumors.' and 'The purpose of this review study is to understand the effect of long-term exposure to toxic air pollutants on the increased risk of malignant brain tumors.'). The inclusion criteria specifically require 'Primary or secondary observational studies of a human population'. A review article does not meet this study design criterion. Although other criteria are met, such as being written in English, mentioning the specified air pollutants (CO, O3, NO2, and lead which is linked to Parkinson's in Figure 3), and explicitly mentioning Parkinson's as an adverse health outcome related to air pollution, the fundamental study design requirement is not satisfied. and Exclusion labels: study_design"
"Ning, Pingping and Guo, Xingzhi and Qu, Qiumin and Li, Rui",2023,Exploring the association between air pollution and Parkinson's disease or Alzheimer's disease: a Mendelian randomization study,Environmental Science and Pollution Research,10.1007/s11356-023-31047-w,LOW,INCLUDE,INCLUDE," ## Analysis and This is a two-sample Mendelian randomization (MR) study investigating the causal relationship between four air pollutants (PM2.5, PM10, NO2, NOX) and two neurodegenerative diseases (Parkinson's disease and Alzheimer's disease). The study uses GWAS summary statistics from large human population datasets (UK Biobank, Nalls et al., Kunkle et al.). The most applicable framework is **PEO** (Population, Exposure, Outcome), given the observational/etiological nature of the research question. and ### Per-Label Synthesis and **Language (NOT_TRIGGERED):** The article is clearly written in English. and **Population (NOT_TRIGGERED):** The study uses data from large human population datasets—up to 456,380 UK Biobank participants for air pollution GWAS, and hundreds of thousands in the PD and AD GWAS datasets. and **Exposure (NOT_TRIGGERED):** NO2 (Nitrogen Dioxide) is explicitly studied as a central air pollutant exposure, satisfying the requirement that at least one of CO, O3, or NO2 be mentioned and investigated. and **Outcome (NOT_TRIGGERED):** Parkinson's disease is explicitly named as the primary adverse health outcome associated with NO2 exposure, with statistically significant results reported (OR=4.07, P=0.034 via IVW method). and **Study Design (AMBIGUOUS):** The central dispute between prior reviewers. The inclusion criteria specifies 'primary or secondary observational studies' with non-exhaustive examples (cross-sectional, longitudinal, cohort/panel, case-control). Mendelian randomization is an instrumental variable analysis method, but it is applied to data from observational GWAS studies of large human populations. The UK Biobank itself is a large prospective observational cohort study, and the GWAS data derived from it is observational in nature. The MR analysis is thus a secondary analysis of observational data. The inclusion criteria's examples are explicitly non-exhaustive ('Examples of this criterion include...'), which opens the door to analytical methods beyond those listed. Furthermore, no exclusion criteria were provided to explicitly rule out MR designs. and ### Prior Reviewer Deliberation and **Researcher 1 (INCLUDE):** Correctly identified that all core criteria are met and that the MR study uses data from human observational studies. The argument that MR qualifies as a secondary observational study is defensible given the non-exhaustive nature of the design examples. and **Researcher 2 (EXCLUDE):** Makes a methodologically sound point that MR is instrumentally distinct from traditional observational designs. However, this argument requires reading the inclusion criteria more restrictively than warranted. The criteria does not explicitly exclude MR studies, the design examples are non-exhaustive, and the guidance directs toward inclusion when in doubt (particularly when no exclusion criteria are provided). and ### Conclusion and The study meets all explicitly stated inclusion criteria: written in English, uses data from human populations, investigates NO2 (a qualifying pollutant), and explicitly examines Parkinson's disease as an adverse health outcome related to air pollution. The study_design label is AMBIGUOUS—MR occupies a methodological space between traditional observational study and experimental design—but given that (1) the underlying data comes from observational studies of human populations, (2) the design examples in the inclusion criteria are explicitly non-exhaustive, (3) no exclusion criteria were provided, and (4) the instructions direct toward giving more weight to inclusion criteria when in doubt, the study should be INCLUDED. The ambiguity around study design does not reach the level of CLEARLY_TRIGGERED exclusion."
"Nunez, Yanelli and Boehme, Amelia K. and Li, Maggie and Goldsmith, Jeff and Weisskopf, Marc G. and Re, Diane B. and Navas-Acien, Ana and van Donkelaar, Aaron and Martin, Randall V. and Kioumourtzoglou, Marianthi-Anna",2021,Parkinson's disease aggravation in association with fine particle components in New York State,Environmental Research,10.1016/j.envres.2021.111554,MEDIUM,EXCLUDE,EXCLUDE," ## Analysis and This study is a primary observational ecological study (PEO framework applies: Population = New York State residents with PD hospitalization, Exposure = PM2.5 components, Outcome = PD first hospitalization as disease aggravation proxy). It analyzes 197,545 PD first hospitalizations in New York State from 2000–2014, examining associations between six PM2.5 components (BC, OM, nitrate, sulfate, sea salt, soil) and PD disease aggravation. and ### Per-Label Synthesis and **Exposure (CLEARLY_TRIGGERED):** This is the decisive label. Inclusion criterion 5 requires that ""Parkinson's must be investigated as a health outcome related to either of the three defined air pollutants"" (CO, O3, NO2). The study's own exposure variables are PM2.5 components—BC, OM, nitrate, sulfate, sea salt, and soil—none of which are CO, O3, or NO2. CO and nitrogen oxides (NOx) are mentioned in the discussion solely in reference to other published studies: ""two studies in Denmark and Taiwan have linked other traffic-related pollutants (nitrogen oxides and carbon monoxide) to risk of PD."" This is citation of external evidence, not investigation of those pollutants in this study. While inclusion criterion 3 (""at least one pollutant must be mentioned in TiAb or FT"") is technically satisfied by these full-text references, the higher-order criterion 5 (investigation of PD as an outcome related to CO, O3, or NO2) is not met. The study does not use CO, O3, or NO2 as independent variables in any model. and **Population (NOT_TRIGGERED):** Clearly a human population study. and **Outcome (NOT_TRIGGERED):** PD is explicitly and prominently the primary health outcome. and **Study Design (NOT_TRIGGERED):** Primary observational ecological study, not a secondary review. and **Language (NOT_TRIGGERED):** Written in English. and ### Prior Reviewer Deliberation and Exclusion labels: exposure"
"Peters, Susan and Bouma, Femke and Hoek, Gerard and Janssen, Nicole and Vermeulen, Roel",2024,Air pollution exposure and mortality from neurodegenerative diseases in the Netherlands: A population-based cohort study,Environmental Research,10.1016/j.envres.2024.119552,VERY_HIGH,INCLUDE,INCLUDE," ## Analysis and This is a primary population-based cohort study of 10.8 million adults in the Netherlands, examining long-term associations between ambient air pollutant exposures (UFP, NO2, PM2.5, PM10, EC) and mortality from neurodegenerative diseases including Parkinson's disease, ALS, non-vascular dementia, Alzheimer's disease, and MS. The applicable eligibility framework is **PEO** (Population, Exposure, Outcome), as this is an observational etiological study. and ### Per-Label Synthesis and - **language**: NOT_TRIGGERED. The article is written entirely in English. and - **study_design**: NOT_TRIGGERED. This is a primary population-based cohort study (observational), explicitly meeting the inclusion criterion for observational study designs. and - **exposure**: NOT_TRIGGERED. NO2 is a primary exposure variable explicitly assessed throughout the study. CO and O3 are referenced in the introduction when discussing prior literature on air pollution and Parkinson's disease. At minimum, NO2 alone satisfies the criterion requiring at least one of the three named pollutants. and - **outcome**: NOT_TRIGGERED. Parkinson's disease (ICD-10: G20) is explicitly listed as a mortality outcome variable and is the subject of Section 4.3. The study investigates whether air pollution (including NO2) is related to Parkinson's disease mortality—this satisfies the criterion. The inclusion criteria state Parkinson's must be 'investigated as a health outcome related to air pollution,' not that a positive association must be demonstrated. Null results are scientifically valid findings that inform the evidence base. and - **population**: NOT_TRIGGERED. A human population of over 10 million Dutch adults is studied. and ### Prior Reviewer Deliberation"
"Ritz, Beate and Lee, Pei-Chen and Hansen, Johnni and Lassen, Christina Funch and Ketzel, Matthias and Sorensen, Mette",2015,Traffic-related air pollution and Parkinson's disease in Denmark: a case-control study,Environmental Health Perspectives,10.1289/ehp.1409313,VERY_HIGH,INCLUDE,INCLUDE," The study meets all inclusion criteria. and - **Language:** The article is written entirely in English. and - **Study Design:** The study is explicitly identified as a 'case-control study' in its title and abstract, which is an observational study design conducted on a human population (1,696 Parkinson's disease patients and 1,800 population controls in Denmark), fulfilling this criterion. and - **Exposure:** The study assesses exposure to Nitrogen Dioxide (NO2) and Carbon Monoxide (CO), both of which are specified in the inclusion criteria. The abstract states that the study assessed 'long-term traffic-related air pollutant exposures (represented by nitrogen dioxide; N[O.sub.2])'. The Methods section further clarifies that the modeling system estimated exposure to 'nitrogen dioxide (N[O.sub.2]), nitrogen oxides (N[O.sub.x]) carbon monoxide (CO)'. and - **Outcome:** The study's primary outcome is Parkinson's disease (PD), which is explicitly mentioned in the title, abstract, and throughout the article as the health outcome of interest. and - **Exposure-Outcome Relationship:** The study directly investigates the relationship between the specified air pollutants and Parkinson's disease. The Results section reports a direct association: 'For each interquartile range (IQR) increase (2.97 [micro]g/[m.sup.3]) in long-term exposure to N[O.sub.2], we estimated a 9% increase in PD risk (OR = 1.09; 95% CI: 1.03, 1.16)'. This directly satisfies the criterion that Parkinson's must be investigated as a health outcome related to the specified pollutants. and After a thorough review, no reasons for exclusion based on the provided eligibility criteria could be identified."
"Rodriguez-Loureiro, Lucía and Gadeyne, Sylvie and Bauwelinck, Mariska and Lefebvre, Wouter and Vanpoucke, Charlotte and Casas, Lidia",2022,Long-term exposure to residential greenness and neurodegenerative disease mortality among older adults: a 13-year follow-up cohort study,Environmental Health,10.1186/s12940-022-00863-x,MEDIUM,INCLUDE,EXCLUDE," ## Analysis and This is a 13-year follow-up population-based cohort study (n = 1,134,502 older adults in Belgian urban areas) examining the association between residential surrounding greenness and neurodegenerative disease mortality, including Parkinson's disease (PD) as a specific outcome. The applicable framework is PEO (Population, Exposure, Outcome). The article is written in English, uses a primary observational longitudinal design, explicitly mentions NO2, and investigates PD mortality. and ### Per-Label Synthesis and - **language**: NOT_TRIGGERED — the article is in English. and - **population**: NOT_TRIGGERED — human population of older adults (≥60 years) in Belgian urban areas. and - **study_design**: NOT_TRIGGERED — primary longitudinal cohort study using census-linked mortality data. and - **exposure**: NOT_TRIGGERED — NO2 is explicitly measured (2010 annual average concentrations, µg/m³), reported in Table 1, and directly incorporated into regression models in Table 2 alongside PD mortality outcomes. The fact that greenness is the primary exposure does not negate the explicit inclusion of NO2 as a formal study variable. and - **outcome**: NOT_TRIGGERED — PD is explicitly listed as one of four specific neurodegenerative mortality outcomes. Table 2 presents PD mortality hazard ratios under models adjusting for NO2 (HR 1.014, 95%CI: 0.963, 1.068). Mediation analyses were also conducted to assess whether NO2 mediates the association between greenness and neurodegenerative disease mortality, which includes evaluation in the context of PD. This satisfies the criterion that ""Parkinson's must be investigated as a health outcome related to either of the three defined air pollutants."" and ### Prior Reviewer Deliberation"
"Salimi, Farhad and Hanigan, Ivan and Jalaludin, Bin and Guo, Yuming and Rolfe, Margaret and Heyworth, Jane S. and Cowie, Christine T. and Knibbs, Luke D. and Cope, Martin and Marks, Guy B. and Morgan, Geoffrey G.",2019,Associations between long-term exposure to ambient air pollution and Parkinson's disease prevalence: A cross-sectional study,Neurochemistry International,10.1016/j.neuint.2019.104615,VERY_HIGH,INCLUDE,INCLUDE," The study meets all inclusion criteria. and 1. Language: The article is written in English. and 2. Study Design: The study is an observational study, specifically a cross-sectional study, which is stated in the title and methods section: ""We conducted a cross-sectional analysis..."". and 3. Exposure: The study investigates exposure to Nitrogen Dioxide (NO2), which is one of the required pollutants. The abstract states, ""This study investigated the associations between long-term exposure to particulate matter < 2.5μm in diameter (PM2.5) and nitrogen dioxide (NO2)..."". and 4. Outcome: The study explicitly investigates Parkinson's disease (PD) as a health outcome. The title is ""Associations between long-term exposure to ambient air pollution and Parkinson's disease prevalence..."". and 5. Exposure-Outcome Link: The study directly examines the relationship between exposure to NO2 and the prevalence of PD. The results section reports, ""Overall, exposures to ambient PM2.5 and NO2 were positively, but not statistically significantly associated with ever physician-diagnosed PD..."""
"Seidler, MD and Hellenbrand, MD, MPH and Robra, MD, MPH and Vieregge, MD and Nischan, PhD and Joerg, MD and Oertel, MD and Ulm, MD and Schneider, MD",1996,"Possible environmental, occupational, and other etiologic factors for Parkinson's disease: A case-control study in Germany",NEUROLOGY,10.1212/wnl.46.5.1275,VERY_HIGH,INCLUDE,INCLUDE," ## Analysis and This is a large hospital-based case-control study (n=380 PD patients, 379 neighborhood controls, 376 regional controls) conducted in Germany, published in English in *Neurology* (1996). It uses a PEO framework (Population: German adults ≤65 years old; Exposure: environmental and occupational factors including carbon monoxide; Outcome: Parkinson's disease). The study explicitly investigates multiple potential etiologic factors for PD, including carbon monoxide as one of the air pollutants of interest. and ### Per-Label Synthesis and - **population**: NOT_TRIGGERED. The study involves a well-defined human population of PD patients and matched community controls. and - **exposure**: NOT_TRIGGERED. Carbon monoxide (CO), one of the three specified pollutants in the inclusion criteria, is explicitly listed as a studied exposure. Table 3 provides ORs for CO exposure (both in free time and at work) versus PD risk. The inclusion criteria require only that CO be mentioned and investigated in relation to PD — not that a confirmed association be established. The methodological discrepancy between self-reported and JEM-based assessments is a substantive scientific finding, not evidence of absence of investigation. and - **outcome**: NOT_TRIGGERED. Parkinson's disease is the sole primary health outcome of the study. and - **study_design**: NOT_TRIGGERED. The case-control design is an exemplar of the observational study designs listed in the inclusion criteria. and - **language**: NOT_TRIGGERED. The article is in English. and ### Prior Reviewer Deliberation"
"Semchuk, PhD and Love, MD, PhD and Lee, MD, FRCP(C)",1993,Parkinson's disease: A test of the multifactorial etiologic hypothesis,NEUROLOGY,10.1212/wnl.43.6.1173,MEDIUM,INCLUDE,EXCLUDE," ## Analysis and This is a population-based case-control study (n=130 PD cases, 260 controls) examining multifactorial etiologic factors for Parkinson's disease in Calgary, Alberta, Canada. The applicable framework is **PEO** (Population, Exposure, Outcome). The population is Calgary residents; the exposures include occupational chemical contacts (including carbon monoxide), herbicides, head trauma, family history; and the outcome is idiopathic PD. and ### Per-Label Synthesis and **Exposure (NOT_TRIGGERED):** Carbon monoxide is explicitly listed as one of the work-related chemical exposures that was collected and analyzed: ""For both the cases and the controls we obtained detailed lifetime occupational histories, including... work-related exposures to aluminum, carbon monoxide..."" The Results section confirms CO was examined: ""the cases and controls did not differ in their previous work-related contacts with aluminum, carbon monoxide..."". The inclusion criterion requires only that at least one relevant air pollutant ""must be mentioned in TiAb or FT"" — CO appears in the full text and was an investigated variable. A null finding does not disqualify a study from meeting the exposure criterion. The criterion also states Parkinson's must be ""investigated as a health outcome related to either of the three defined air pollutants"" — the study explicitly did investigate this relationship, it simply found no statistically significant difference. and **Outcome (NOT_TRIGGERED):** PD is the exclusive and explicit outcome of interest across the entire paper. and **Study Design (NOT_TRIGGERED):** A population-based case-control study is a primary observational study, explicitly enumerated as an acceptable design in the inclusion criteria. and **Population (NOT_TRIGGERED):** Human participants (Calgary residents) with neurologist-confirmed idiopathic PD vs. community controls. and **Language (NOT_TRIGGERED):** The article is written in English. and ### Prior Reviewer Deliberation"
"Shin, Saeha and Burnett, Richard T and Kwong, Jeffrey C and Hystad, Perry and van Donkelaar, Aaron and Brook, Jeffrey R and Copes, Ray and Tu, Karen and Goldberg, Mark S and Villeneuve, Paul J and Martin, Randall V and Murray, Brian J and Wilton, Andrew S and Kopp, Alexander and Chen, Hong",2018,"Effects of ambient air pollution on incident Parkinson's disease in Ontario, 2001 to 2013: a population-based cohort study",International Journal of Epidemiology,10.1093/ije/dyy172,VERY_HIGH,INCLUDE,INCLUDE," The study meets all inclusion criteria. and 1. **Language:** The article is written entirely in English. and 2. **Study Design:** The study is explicitly identified as a 'population-based cohort study' in the title and methods section, which is a primary observational study design conducted on a human population. and 3. **Exposure:** The study investigates exposures to Nitrogen Dioxide (NO2) and Ozone (O3), two of the pollutants specified in the inclusion criteria. These are mentioned in the abstract and analyzed throughout the study. and 4. **Outcome:** The study's primary outcome is 'incident Parkinson's disease (PD)', which is explicitly stated in the title, abstract, and methods. and 5. **Relationship:** The study's stated objective is to 'determine the association between air pollution and incident PD'. It directly investigates and reports hazard ratios for the relationship between NO2 and PD, and O3 and PD, fulfilling the requirement that Parkinson's be investigated as a health outcome related to the specified pollutants. After a rigorous evaluation, no grounds for exclusion were found as all inclusion criteria are unequivocally met."
"Toro, Rosario and Downward, George S. and van der Mark, Marianne and Brouwer, Maartje and Huss, Anke and Peters, Susan and Hoek, Gerard and Nijssen, Peter and Mulleners, Wim M. and Sas, Antonetta and van Laar, Teus and Kromhout, Hans and Vermeulen, Roel",2019,Parkinson's disease and long-term exposure to outdoor air pollution: A matched case-control study in the Netherlands,Environment International,10.1016/j.envint.2019.04.069,VERY_HIGH,INCLUDE,INCLUDE," ## Analysis and This is a matched case-control study published in Environment International (2019), investigating the association between long-term residential exposure to outdoor air pollutants (NO2, NOx, PM2.5, PM10, PMcoarse, PM2.5 absorbance) and Parkinson's disease development in the Netherlands. The PEO framework applies: Population = Dutch adults (PD cases and controls), Exposure = outdoor air pollutants including NO2, Outcome = Parkinson's disease. The study is a primary observational study of a human population. and ### Per-Label Synthesis and - **population**: NOT_TRIGGERED. The study involves a human population (436 PD cases and 854 controls from the Netherlands). and - **exposure**: NOT_TRIGGERED. NO2 is explicitly a primary exposure of interest, meeting the inclusion criterion requiring at least one of CO, O3, or NO2 to be mentioned. and - **outcome**: NOT_TRIGGERED. Parkinson's disease is explicitly the primary adverse health outcome investigated in relation to air pollution. The inclusion criteria require that PD is investigated as an adverse health outcome related to air pollution - this is clearly the case. The criteria do not require positive or significant findings. and - **study_design**: NOT_TRIGGERED. Matched case-control study is explicitly listed as an example of eligible observational study designs. and - **language**: NOT_TRIGGERED. The paper is written in English. and ### Prior Reviewer Deliberation"
"Trentalange, Alessandro and Badaloni, Chiara and Porta, Daniela and Michelozzi, Paola and Renzi, Matteo",2025,"Association between air quality and neurodegenerative diseases in River Sacco Valley: A retrospective cohort study in Latium, central Italy",International Journal of Hygiene and Environmental Health,10.1016/j.ijheh.2025.114578,VERY_HIGH,INCLUDE,INCLUDE," The study is included as it meets all specified inclusion criteria. and - **Language:** The article is written in English. and - **Study Design:** The study is a retrospective cohort study, which is a valid observational study design as per the criteria. The abstract and title explicitly state this: 'A retrospective cohort study'. and - **Population:** The study was conducted on a large human population of 298,919 residents in Italy. and - **Exposure:** The study assesses exposure to multiple air pollutants, including Nitrogen Dioxide (NO2) and Ozone (O3), which are two of the three pollutants specified in the inclusion criteria. The abstract states, 'Residential exposure to... NO2, O3... was estimated'. and - **Outcome:** Parkinson's disease (PD) is explicitly mentioned and investigated as a primary health outcome. The abstract states the study's aim is to investigate the incidence of 'dementia/Parkinson's disease (PD)'. and - **Relationship:** The study directly investigates the association between the specified air pollutants and Parkinson's disease. Table 3 presents the hazard ratios for the association between IQR increases of pollutants like NO2 and O3 and the incidence of PD. This fulfills the requirement that Parkinson's be investigated as a health outcome related to the specified pollutants."
"Vu, Bryan N. and Amini, Heresh and Qiu, Xinye and Feng, Yijing and Wei, Yaguang and Schwartz, Joel",2025,Mixture effects of air pollutants on Parkinson's disease in adults ages 40+ in the United States from 2002 to 2016,ISEE Environmental Epidemiology,10.1097/ee9.000000000000425,HIGH,INCLUDE,EXCLUDE," ## Analysis and This is an original research article published in Environmental Epidemiology (2025). It employs a secondary observational study design using administrative inpatient data (HCUP State Inpatient Databases) from 11 US states (2002–2016). The study population is adults aged 40+ in the United States. Exposures include a mixture of 17 air pollutants, explicitly including NO2 and O3. The primary outcome is Parkinson's disease hospitalizations. The applicable eligibility framework is **PEO** (Population, Exposure, Outcome), as this is an observational etiology study. and ### Per-Label Synthesis and **Language** (NOT_TRIGGERED): The article is entirely in English. and **Population** (NOT_TRIGGERED): The study involves a human population (adults aged 40+) across 11 US states, clearly meeting the human population criterion. and **Exposure** (NOT_TRIGGERED): NO2 and O3 are explicitly and extensively measured and analyzed as part of the pollutant mixture. This satisfies the inclusion criterion requiring at least one of CO, O3, or NO2 to be mentioned. and **Outcome** (NOT_TRIGGERED): Parkinson's disease is the explicitly stated and sole primary adverse health outcome. The inclusion criteria specifically note that 'Parkinsons hospitalizations' count toward inclusion, and the paper centers entirely on this outcome. and **Study_design** (NOT_TRIGGERED): The inclusion criteria use 'Examples of this criterion include, cross sectional, longitudinal study (cohort/panel both count), case controls, etc.'—the 'etc.' clearly signals that the list is non-exhaustive. A secondary observational study using administrative inpatient data is still an observational study of a human population. Furthermore, no exclusion criteria were provided by the user, and the inclusion criteria explicitly accommodate Parkinson's hospitalizations as an outcome. While the data are aggregated at the ZIP code level (an ecological design), the criteria do not explicitly restrict inclusion to individual-level studies only, and the ecological design is a form of observational research. and ### Prior Reviewer Deliberation"
"Wang, Veronica A. and Delaney, Scott and Flynn, Lauren E. and Racette, Brad A. and Miller, Gary W. and Braun, Danielle and Zanobetti, Antonella and Mork, Daniel",2024,The effect of air pollution on hospitalizations with Parkinson's disease among Medicare beneficiaries nationwide,npj Parkinson's Disease,10.1038/s41531-024-00815-x,VERY_HIGH,INCLUDE,INCLUDE," ## Analysis and This is a national retrospective cohort study (primary observational, longitudinal) examining the effect of annual exposure to PM2.5, NO2, and O3 on the rate of first hospitalization with a Parkinson's disease (PD) diagnosis among 49,121,026 Medicare Fee-for-Service beneficiaries in the contiguous US from 2001–2016. The applicable framework is **PEO** (Population, Exposure, Outcome), appropriate for observational/etiology questions. and ### Per-Label Synthesis and **Language** — NOT_TRIGGERED. The full text is written in English throughout. and **Population** — NOT_TRIGGERED. The study population is human (elderly Medicare beneficiaries ≥65 years), clearly an observational human population meeting the inclusion criterion. and **Exposure** — NOT_TRIGGERED. The study explicitly examines NO2 and O3 (both on the list of required pollutants), along with PM2.5. At least one required pollutant is present; in fact, two are directly investigated. and **Outcome** — NOT_TRIGGERED. The outcome is defined as 'the first recorded hospital admission accompanied with a PD diagnosis code' using ICD-9 332 and ICD-10 G20. This is directly a 'Parkinson's hospitalization,' which the inclusion criteria explicitly state 'can be included.' The fact that the authors acknowledge they cannot determine whether the hospitalization was due to PD progression specifically versus another cause does not change the outcome definition — the hospitalization requires a PD diagnosis code and thus Parkinson's disease is the defining clinical feature of the event. and **Study Design** — NOT_TRIGGERED. This is a primary observational retrospective cohort study, explicitly fitting the inclusion criterion for longitudinal cohort studies. and ### Prior Reviewer Deliberation and **AI Researcher 1 (EXCLUDE):** The core argument is that the study measures any-cause hospitalization in a PD-prevalent population rather than hospitalization due to PD. This reasoning is not compelling. The outcome definition requires a PD diagnosis code (ICD-9 332; ICD-10 G20) as one of the first ten billing codes, meaning Parkinson's disease must be a documented diagnosis at hospitalization. More critically, the inclusion criteria explicitly state that 'Parkinsons hospitalizations or hospitalizations as a result of individuals with Parkinson's exposed to air pollution can be included.' This directly covers the study's outcome. The limitation the authors raise about causal attribution to PD progression is a scientific nuance about interpretability, not a disqualifying feature of the outcome definition. and **AI Researcher 2 (INCLUDE):** The arguments are compelling and align with a careful reading of the inclusion criteria. All five inclusion criteria are met: English language, observational cohort design, NO2 and O3 explicitly examined, Parkinson's as the explicit outcome, and the investigation of PD hospitalizations in relation to air pollution exposure. and ### Conclusion and The study clearly meets all inclusion criteria. It is a primary observational cohort study of a human population, explicitly examining NO2 and O3 (among other pollutants) in relation to hospitalizations with a PD diagnosis code. The inclusion criteria explicitly permit Parkinson's hospitalizations as an acceptable outcome. The study is INCLUDED."
"Wang, Yueyao and Wang, Ruiwen and Peng, Zhe and Li, Zunjiang and Qi, Zhongwen and Wu, Qiqi and Ding, Banghan",2024,"A novel concern from two sample Mendelian randomization study: The effects of air pollution exposure on the cardiovascular, respiratory, and nervous system",Ecotoxicology and Environmental Safety,10.1016/j.ecoenv.2024.116871,LOW,INCLUDE,INCLUDE," ## Analysis and This is a two-sample Mendelian randomization (MR) study published in *Ecotoxicology and Environmental Safety* (2024), investigating the causal relationships between four air pollutants (NO2, NOx, PM2.5, PM10) and cardiovascular, respiratory, and nervous system diseases including Parkinson's disease. It uses GWAS summary-level data from over 500,000 European individuals. The applicable framework is PEO (Population, Exposure, Outcome). and ### Per-Label Synthesis and **study_design — AMBIGUOUS**: The most contested criterion. The study is a two-sample MR study, which uses genetic variants as instrumental variables applied to GWAS summary-level data. This is not a conventional cross-sectional, cohort, or case-control design. However, MR studies are firmly rooted in observational epidemiology: (1) The study explicitly follows STROBE-MR guidelines — 'STROBE' stands for Strengthening the Reporting of Observational Studies in Epidemiology, situating MR within observational methodology; (2) The underlying data originates from observational GWAS cohorts of human populations; (3) The inclusion criteria provide examples of observational designs but do not constitute an exhaustive or exclusive list, nor do they explicitly prohibit MR; (4) No exclusion criteria were provided to explicitly rule out MR. Per analytical guidance, when criteria are AMBIGUOUS, lean toward inclusion. and **exposure — NOT_TRIGGERED**: NO2 is explicitly listed as an exposure factor. CO and O3 are mentioned in the introduction. At minimum, NO2 clearly satisfies the criterion requiring at least one of the three specified pollutants. and **outcome — NOT_TRIGGERED**: Parkinson's disease is explicitly listed as an outcome in the abstract, Table 1, and in result Tables 2–5, where it appears as an investigated outcome for each pollutant. The causal relationship between air pollution and Parkinson's disease is directly investigated. and **population — NOT_TRIGGERED**: The study analyzes data from human populations (>500,000 individuals of European descent plus East Asian data for heart failure). and **language — NOT_TRIGGERED**: The full text is in English. and ### Prior Reviewer Deliberation"
"Wei, Yaguang and Wang, Yan and Di, Qian and Choirat, Christine and Wang, Yun and Koutrakis, Petros and Zanobetti, Antonella and Dominici, Francesca and Schwartz, Joel D",2024,"Short term exposure to fine particulate matter and hospital admission risks and costs in the Medicare population: time stratified, case crossover study",BMJ,10.1136/bmj.l6258,VERY_HIGH,EXCLUDE,EXCLUDE," The study meets most of the inclusion criteria but fails to meet the specific requirement for the type of air pollutants mentioned. and **Criteria Met:** and 1.  **Article MUST be written in English:** The article is written in English. and 2.  **Primary or secondary observational studies of a human population:** The study design is described as ""Time stratified, case crossover analyses"" (Abstract, Design; Methods section). A case-crossover study is a type of observational study, and the participants are ""All Medicare fee-for-service beneficiaries aged 65 or older admitted to hospital"" (Abstract, Participants), which is a human population. and 3.  **Parkinson's is explicitly mentioned as an adverse health outcome:** The Abstract's Results section states, ""Positive associations were also found between risk of hospital admission and cardiovascular and respiratory diseases, Parkinson's disease..."" This is further confirmed in the main Results section (page 7) which lists ""Parkinson's disease (CCS code 79)"" as an outcome. and 4.  **Parkinson's is explicitly mentioned as an adverse health outcome related to air pollution:** The Abstract's Results section directly links Parkinson's disease to air pollution: ""Positive associations were also found between risk of hospital admission and... Parkinson's disease... confirming previously published results."" This refers to associations with ""short term exposure to fine particulate matter with diameter less than 2.5µm (PM2.5)"" mentioned earlier in the same paragraph. The 'Comparison with other studies' section (page 12) also states, ""We also found positive associations of PM2.5 exposure with Parkinson's disease and diabetes mellitus with complications..."". and **Criteria Not Met:** and 1.  **Air pollutants to be mentioned: Carbon Monoxide (CO), Ozone (O3), Nitrogen Dioxide (NO2): At least one pollutant must be mentioned in TiAb or FT. Setting can be either outdoor/indoor.** The article focuses exclusively on ""fine particulate matter with diameter less than 2.5µm (PM2.5)"" (Title, Abstract, Introduction, Methods, Results). None of the specifically listed pollutants (Carbon Monoxide (CO), Ozone (O3), Nitrogen Dioxide (NO2)) are mentioned anywhere in the title, abstract, or full text of the article. and Exclusion labels: exposure"
"Yi, MSa, b and Song, MSa, b, c and Cui, MSa, b and Li, MSa, b and Huang, MSa, b and Zhang, MSa, b and Kuang, MSa, b and Su, PhDa, b, d, *@",2024,Causal relationship between nitrogen dioxide and the risk of Parkinson's disease: Evidence from a Mendelian randomization study,Medicine,10.1097/md.0000000000042582,HIGH,INCLUDE,INCLUDE," ## Analysis and This is a 2-sample Mendelian randomization (MR) study published in Medicine (2025), examining the causal relationship between nitrogen dioxide (NO2) exposure and Parkinson's disease (PD) risk using GWAS summary statistics. The journal classifies it as an 'Observational Study.' The applicable eligibility framework is PEO (Population, Exposure, Outcome), standard for observational/etiology questions. and **Key characteristics:** and - Population: Human participants from European ancestry GWAS cohorts (UK Biobank n=456,380; IPDGC 33,674 cases and 449,056 controls) and - Exposure: Nitrogen dioxide (NO2) — one of the three specified air pollutants and - Outcome: Parkinson's disease risk — explicitly stated as the adverse health outcome and - Language: English and - Study design: Labeled 'Observational Study' by the journal; uses secondary GWAS data from human observational cohorts and ### Per-Label Synthesis and **study_design — NOT_TRIGGERED:** The journal explicitly labels this an 'Observational Study.' The inclusion criteria specify 'Primary or secondary observational studies' with examples that are illustrative, not exhaustive ('Examples of this criterion include...'). MR is a secondary analytical approach applied to observational GWAS data from large human cohort studies. It does not fall into any of the excluded secondary research categories (systematic review, meta-analysis, editorial, etc.). No exclusion criteria were provided by the user that would specifically exclude MR studies. and **exposure — NOT_TRIGGERED:** NO2 is the primary and sole exposure variable. It is one of the three specified pollutants in the inclusion criteria. and **outcome — NOT_TRIGGERED:** Parkinson's disease is explicitly and centrally the adverse health outcome investigated in relation to NO2 exposure. All causal analyses directly link NO2 to PD risk. and **population — NOT_TRIGGERED:** Large human population-based GWAS datasets are used. and **language — NOT_TRIGGERED:** The article is written in English. and ### Prior Reviewer Deliberation"
"Yu, Zhebin and Wei, Fang and Zhang, Xinhan and Wu, Mengyin and Lin, Hongbo and Shui, Liming and Jin, Mingjuan and Wang, Jianbing and Tang, Mengling and Chen, Kun",2021,"Air pollution, surrounding green, road proximity and Parkinson's disease: A prospective cohort study",Environmental Research,10.1016/j.envres.2021.111170,VERY_HIGH,INCLUDE,INCLUDE," The study meets all inclusion criteria. and 1. Language: The article is written in English. and 2. Study Design: The study is a primary observational study, specifically a prospective cohort study. The title identifies it as a 'prospective cohort study', and the methods section confirms this design: 'We did a prospective cohort study in Yinzhou District of Ningbo, China...'. and 3. Exposure: The study investigates at least one of the required air pollutants. The abstract and methods section 2.4 state that exposure to Nitrogen Dioxide (NO2) was estimated for each participant. and 4. Outcome: Parkinson's disease (PD) is explicitly mentioned as the health outcome. The title includes 'Parkinson's disease', and the methods section 2.2, 'Case ascertainment', details how incident PD cases were identified using ICD-10 codes. and 5. Exposure-Outcome Relationship: The study explicitly investigates the relationship between the specified air pollutants and Parkinson's disease. The abstract states the aim is to 'investigate the individual and joint associations of air pollution... with the incidence of PD'. The results in Table 2 present hazard ratios for the association between NO2 and incident PD."
"Yuan, Ye and Wu, Yiqing and Zhao, Hang and Ren, Jie and Su, Wenting and Kou, Yiduo and Wang, Qi and Cheng, Jianhua and Tong, Zhiqian",2023,"Tropospheric formaldehyde levels infer ambient formaldehyde-induced brain diseases and global burden in China, 2013–2019",Science of the Total Environment,10.1016/j.scitotenv.2023.163553,HIGH,EXCLUDE,EXCLUDE," ## Analysis and This is a secondary observational ecological study (PEO framework applies) examining the association between tropospheric air pollutants — primarily formaldehyde (FA) — and brain disease burden (AD, PD, brain cancer, depression) in China from 2013–2019. Data are drawn from satellite remote-sensing and the GBD 2010 database. The study mentions and measures CO, O3, NO2, SO2, PM2.5, PM10, and FA as tropospheric pollutants. Parkinson's disease (PD) is included as one of four brain disease outcomes analyzed. and ### Per-Label Synthesis and **Exposure (CLEARLY_TRIGGERED):** The critical inclusion requirement is that Parkinson's disease must be investigated as a health outcome related to at least one of the three defined air pollutants: CO, O3, or NO2. A thorough review of the full text reveals that the statistical analyses linking air pollutants to PD outcomes are conducted exclusively for formaldehyde (FA): ""tropospheric FA concentrations were not correlated with the rates of prevalence and YLDs in brain diseases, including: not in PD (p > 0.05)."" CO, O3, and NO2 are discussed in the study in two limited contexts: (1) their chemical interactions and reactions with FA (e.g., ""FA can have a reaction with O3""), and (2) their temporal concentration trends in China from 2013–2019. No analysis examines CO, O3, or NO2 as independent exposures linked to PD health outcomes. FA — which is not one of the three defined pollutants — is the sole exposure variable used in the PD outcome regression analyses. This represents a clear failure to meet the inclusion criterion that PD be investigated in relation to CO, O3, or NO2. and **Population (NOT_TRIGGERED):** The study examines the Chinese human population using GBD epidemiological data, satisfying the population inclusion criterion. and **Outcome (NOT_TRIGGERED):** PD is explicitly included as an adverse health outcome of interest. and **Study Design (NOT_TRIGGERED):** The study is a secondary observational ecological analysis, consistent with the inclusion criteria. and **Language (NOT_TRIGGERED):** The article is written in English. and ### Prior Reviewer Deliberation and Exclusion labels: exposure"
"Yuchi, Weiran and Sbihi, Hind and Davies, Hugh and Tamburic, Lillian and Brauer, Michael",2020,"Road proximity, air pollution, noise, green space and neurologic disease incidence: a population-based cohort study",Environmental Health,10.1186/s12940-020-0565-4,VERY_HIGH,INCLUDE,INCLUDE," Arguments for inclusion: The study meets all specified inclusion criteria. It is a primary observational study (population-based cohort and nested case-control) on a human population, written in English. The study explicitly investigates Parkinson's disease as a health outcome. It assesses exposure to Nitrogen Dioxide (NO2), which is one of the required pollutants of interest. Most importantly, the study directly investigates the association between NO2 exposure and the incidence of Parkinson's disease, as stated in the abstract and detailed in Table 3, which reports a hazard ratio of 1.12 (95% CI: 1.05, 1.20). The inclusion of other neurological outcomes alongside Parkinson's disease is explicitly permitted by the criteria. Arguments against inclusion: A thorough review of the full text against the eligibility criteria did not reveal any grounds for exclusion. The study is a clear and direct fit for all inclusion criteria."
"Zhang, Yanli and Wang, Tianhong and Wang, Shuaiwen and Gao, Yuling and Wang, Shaoyu and Guo, Shunlin and Lei, Junqiang",2022,Early gray matter atrophy and neurological deficits in patients with carbon monoxide poisoning,Neuroradiology,10.1007/s00234-022-03041-5,LOW,INCLUDE,EXCLUDE," ## Analysis and This article is a primary observational study investigating gray matter atrophy and neurological deficits in 41 human patients with carbon monoxide poisoning, compared to 36 healthy controls. The applicable framework is **PEO** (Population: COP patients; Exposure: carbon monoxide; Outcome: neurological deficits including parkinsonism, cognitive decline, and psychiatric symptoms). The study uses VBM analysis on structural MRI data and correlates brain atrophy with neurological scores including the UPDRS III. and ### Per-Label Synthesis and **Language (NOT_TRIGGERED):** The article is written in English throughout. and **Population (NOT_TRIGGERED):** The study involves a clearly defined human population (COP patients and healthy controls). No population-related exclusion concern. and **Study Design (NOT_TRIGGERED):** This is a primary observational cross-sectional study of human subjects, consistent with inclusion criteria. and **Exposure (AMBIGUOUS):** Carbon monoxide is explicitly named as one of the three eligible air pollutants (CO, O3, NO2). The inclusion criteria do not restrict exposure to ambient/chronic levels — they state the setting can be outdoor/indoor and do not exclude acute poisoning scenarios. While the exposure here is acute high-dose CO poisoning rather than ambient air pollution, the criteria contain no language restricting to ambient exposure levels. This ambiguity does not favor exclusion given the broad wording. and **Outcome (AMBIGUOUS):** The article explicitly measures parkinsonism (12/41 patients) as an adverse health outcome of CO exposure, and uses the UPDRS III — the 'Unified **Parkinson's Disease** Rating Scale' — as the measurement tool for motor deficits specifically because COP patients exhibit parkinsonism. The inclusion criteria state 'Parkinson's is explicitly mentioned as an adverse health outcome.' 'Parkinson's Disease' appears explicitly in the name of the rating scale used, and parkinsonism is a recognized sequela of CO exposure documented here. The criteria do not explicitly distinguish between Parkinson's disease (idiopathic) and parkinsonism (secondary syndrome), and the broader inclusion language (e.g., 'Fatality rates for Parkinson's count,' 'hospitalizations as a result of individuals with Parkinson's') suggests broad interpretation is intended. and ### Prior Reviewer Deliberation"
"Zhao, Naizhuo and Pinault, Lauren and Toyib, Olaniyan and Vanos, Jennifer and Tjepkema, Michael and Cakmak, Sabit",2021,Long-term ozone exposure and mortality from neurological diseases in Canada,Environment International,10.1016/j.envint.2021.106817,VERY_HIGH,INCLUDE,INCLUDE," The study meets all inclusion criteria. and 1. Language: The article is written in English. and 2. Study Design: The study is a primary observational study, specifically a large-scale longitudinal cohort study based on the '2001 Canadian Census Health and Environment Cohort (CanCHEC)'. and 3. Exposure: The study investigates long-term exposure to Ozone (O3), which is one of the specified pollutants. It also considers Nitrogen Dioxide (NO2) in its models. The title is 'Long-term ozone exposure and mortality from neurological diseases in Canada'. and 4. Outcome: Parkinson's disease is explicitly investigated as a primary adverse health outcome. The abstract states the objective is 'To assess associations of long-term exposure to ozone with death from Parkinson's disease...'. The methods section confirms that deaths from Parkinson's were identified using the ICD-10 code G20. and 5. Relationship: The study directly investigates and quantifies the relationship between exposure to a specified air pollutant (Ozone) and Parkinson's disease mortality. The results present a fully adjusted Hazard Ratio of 1.09 (95% CI: 1.04-1.14) for Parkinson's mortality per interquartile range increase in ozone."
"Zhu, Zhanghang and Yang, Zongming and Yu, Luhua and Xu, Lisha and Wu, Yonghao and Zhang, Xinhan and Shen, Peng and Lin, Hongbo and Shui, Liming and Tang, Mengling and Jin, Mingjuan and Wang, Jianbing and Chen, Kun",2023,"Residential greenness, air pollution and incident neurodegenerative disease: A cohort study in China",Science of the Total Environment,10.1016/j.scitotenv.2023.163173,VERY_HIGH,INCLUDE,INCLUDE," ## Analysis and This is a population-based prospective cohort study conducted in Ningbo, China, written in English. It examines long-term exposure to PM2.5, PM10, and NO2 (assessed via land-use regression models) in relation to incident neurodegenerative diseases, explicitly including Parkinson's disease (PD) and Alzheimer's disease (AD) as primary outcomes. The PEO framework applies: Population = residents aged ≥40 in Yinzhou District; Exposure = PM2.5, PM10, NO2, residential greenness; Outcomes = neurodegenerative disease, PD, AD. and ### Per-Label Synthesis and - **language**: NOT_TRIGGERED. The article is written entirely in English. and - **population**: NOT_TRIGGERED. The study involves 29,025 human participants from a prospective cohort in China. This is a primary observational study of a human population. and - **exposure**: NOT_TRIGGERED. NO2, PM2.5, and PM10 are all explicitly assessed and reported with quantitative HRs. NO2 is one of the three required pollutants. The abstract states: ""Exposure to PM2.5, PM10 and NO2 were assessed by land-use regression (LUR) models."" and - **outcome**: NOT_TRIGGERED. The abstract explicitly states: ""Our primary outcomes were all neurodegenerative diseases, Parkinson's disease (PD) and Alzheimer's disease (AD)."" PD is investigated as an adverse health outcome in direct relation to NO2, PM2.5, and PM10. The results present 301 PD cases with HRs reported for each pollutant separately. The inclusion criteria require only that PD be explicitly mentioned as an adverse health outcome related to at least one of the defined air pollutants — this is unambiguously satisfied. The ICD coding concern (inclusion of G21 secondary parkinsonism) raised by Researcher 2 is a methodological quality issue, not an eligibility criterion issue. and - **study_design**: NOT_TRIGGERED. This is a primary prospective cohort study, clearly an observational study design that meets inclusion criteria. and ### Prior Reviewer Deliberation and **AI Researcher 1** correctly identifies that all inclusion criteria are met. The study is in English, uses a prospective cohort design, assesses NO2 (and other relevant pollutants), and explicitly reports PD as a primary outcome associated with air pollution. This reasoning is compelling and accurate. and **AI Researcher 2** raises an interesting methodological point about ICD coding (G21 secondary parkinsonism included alongside G20 idiopathic PD). However, this argument conflates eligibility screening with quality assessment. The inclusion criteria do not specify that PD must be defined using only idiopathic PD ICD codes. The criteria require only that Parkinson's disease be explicitly mentioned as an adverse health outcome related to air pollution — which it clearly is. Furthermore, the ICD coding approach used (combining G20, G21, G23.8, G23.9) is not unusual in administrative data-based epidemiological studies. Exclusion on this basis would require criteria that explicitly exclude studies using broad PD definitions, which are not present in the eligibility criteria provided. Researcher 2's argument for exclusion is not supported by the stated inclusion/exclusion criteria. and ### Conclusion and The study meets all inclusion criteria: written in English, primary observational study (prospective cohort) of a human population, explicitly assesses NO2 (as well as PM2.5 and PM10), and investigates Parkinson's disease as a primary adverse health outcome in relation to air pollution with quantitative results. No exclusion criteria are triggered. The study should be **included**."
